,,微博内容,,发布来源,,,,,,
,,#友达以上，恋人未满# 香港有张国荣和梅艳芳，内地有何炅和谢娜，台湾有周杰伦和蔡依林，你们懂了吗 |香港特别行... ?,,红米Note4,,,,,,
,,绝地求生偶遇“周杰伦”，小迷弟疯狂要求趴在草地上唱首歌！幽默搞笑视... ?,,微博桌面,,,,,,
,,周杰伦/洪荣宏《阿爸》网页链接 @QQ音乐 网页链接 ?,,QQ音乐,,,,,,
,,是时候让你们见识一下周杰伦的撩妹能力了 1fYouLoveM... ?,,前置双摄vivo X9,,,,,,
,,周杰伦《开不了口》网页链接 @QQ音乐 昂(>﹏<) 网页链接 ?,,QQ音乐,,,,,,
,,夏洛爆打周杰伦这段，周杰伦出道夏洛无歌可抄了 趣味无限大... 网页链接 ?,,即刻笔记,,,,,,
,,刘畊宏婚礼上的周杰伦，演唱《不能说秘密》改编成“以前觉得他是一个gay”#2018年周杰伦演唱会# 周杰伦音乐... ?,,,,,,,,
,,周杰伦到底森么时候发新歌？？？ ?,,,,,,,,
,,#晴天-周杰伦# 最美不是下雨天. ?,,iPhone客户端,,,,,,
,,我免费围观了 @杨臣刚 的回答，问题价值 2.00 元，快来一起免费围观~ 微博问答 ?,,,,,,,,
,,今日点播：男孩——梁博等你下课——周杰伦LAST STARDUST——Aimer ?,,vivo智能手机,,,,,,
,,#周杰伦地表最强福州站#求四张(可两两连坐)23号周杰伦演唱会福州站门票！骗子 黄牛滚蛋！ ???780～1280可接受！ ?,,iPhone客户端,,,,,,
,,求周董5.11演唱会门票，只要1280以上的！可以当面交易，假票请勿扰#周杰伦2018长沙演唱会##周杰伦演唱会##周杰伦长沙演唱会# ??? |长沙 ?,,前后2000万 OPPO R11,,,,,,
,,王俊凯生日会用偶像周杰伦的歌曲开场，可谓追星赢家。让人印象深刻的是王俊凯的大长腿，早就听说“王俊腿”出道了，真是百闻不如一见，这腿真是逆天了，比例也好，太吸睛了。 ?,,微博 weibo.com,,,,,,
,,@周杰伦中文网JayCn ?,,iPhone客户端,,,,,,
,,晚安『2005年 HitFM 周杰伦《十一月的萧邦》首播主打歌《夜曲》电台版』网页链接 ?,,iPhone客户端,,,,,,
,,周杰伦长沙演唱会1980前十排 现票了解下 ?,,三星Galaxy S9,,,,,,
,,雨下整夜 #七里香 周杰伦#手机没电的时候是我最没有安全感的时候。 |深圳·观澜... ?,,美图M8·人工智能自拍,,,,,,
,,周杰伦《半岛铁盒》 网页链接 @QQ音乐 哈哈。听这首歌超好哭。 ?,,??iPhone客户端,,,,,,
,,580的830出  5.11 580的850出  5.12  可以适当小刀  私聊问我  可以选座位  走咸鱼  面交或者顺丰  看完演出再确认收货#2018周杰伦长沙演唱会##周杰伦长沙演唱会##周杰伦长沙站# ?,,HUAWEI nova 2s,,,,,,
,,有没有福州的要6.23 6.24周杰伦演唱会票的 来！找！我！ ?,,,,,,,,
,,#周杰伦# 杰伦首次现身@JeremyLin林书豪 短视频！变魔术还不忘穿着T恤为公益做宣传～这一波很赞，下次要不要来个篮球切磋呀？ 抖音短视频... ?,,皮皮时光机,,,,,,
,,#电影# 周杰伦演讲，你可以不平凡，接地气，够真实！ 网页链接 ?,,微博 weibo.com,,,,,,
,,#周杰伦常州演唱会#求一张5.27常州站480/580的 可适当加价 ?,,iPhone客户端,,,,,,
,,今日疑惑：我为什么这么喜欢周杰伦 ?,,iPhone客户端,,,,,,
,,#周杰伦2018演唱会#求两张郑州演唱会门票 6月9日看台看台 天价勿扰 ?,,iPhone客户端,,,,,,
,,啊啊啊啊陷入了歌荒啊啊啊周杰伦啊蔡徐坤啊你们的新歌的呢呢呢救命啊╯﹏╰蔡徐坤在星动的歌已经被我听烂了流泪的又一天 ?,,荣耀8青春版 颜值担当,,,,,,
,,#周杰伦成都演唱会##周杰伦成都站# 下次争取坐前排 _Loved_onc... ?,,三星android智能手机,,,,,,
,,#周杰伦长沙演唱会#求三张780看台票 长沙面交 黄牛狗不要来 诚心的来 ?,,iPhone客户端,,,,,,
,,#放开去野# 运气超好得到免费周杰伦福州门票，求同伴 |龙海·榜山... ?,,OPPO R9 Plus,,,,,,
,,好久没有小江苏了，吃的有点伤感一路跌跌撞撞，想安定，却总是事与愿违。有舍不得，有不甘心，有后悔，有自责……各种心情交杂。觉得自己那么好，不知道上辈子犯了多大的错误，让我这几年过得乱七八糟的还是会对未来充满希望，还是有所期待想去看一场周杰伦演唱会 ?,,iPhone客户端,,,,,,
,,张家辉终于忍不住了：你们不要再叫我渣渣辉了让周杰伦告诉你#搞笑视频# 最热奇闻趣... ?,,秒拍网页版,,,,,,
,,今天下午学习广播放了首周杰伦的老歌爷爷泡的茶 ?,,iPhone客户端,,,,,,
,,小伙子说他创作的歌曲可以击败周杰伦。李宗盛。罗大佑。厉害了，果然是人'才#搞笑视频# 我的损友嘴... ?,,秒拍网页版,,,,,,
,,求两张周杰伦615-618上海演唱会门票 最好是内场票2000*2以内都能接受 ?,,球衣の iiiiPhone 8 Plus,,,,,,
,,#晴天-周杰伦# 从前从前有个人爱你很久但偏偏风渐渐把距离吹的好远 ?,,,,,,,,
,,刷了一晚上周杰伦的歌 珊瑚海 七里香 爱情废柴～‘ ?,,iPhone,,,,,,
,,周杰伦最难唱的10首快歌排名_音乐选集_音乐_哔哩哔哩#哔哩哔哩动画# 网页链接 ?,,哔哩哔哩,,,,,,
,,求两张连坐的#周杰伦6.9郑州演唱会# 门票 780或980都可以 谢谢大家啦 ?,,iPhone客户端,,,,,,
,,#周杰伦福州演唱会# ?转：周杰伦福州站6.24，至尊vip2区，1980，只有一张，不是黄牛，杰迷真粉带价来询。回血准备去看成都jj的演唱会非诚勿扰！只走闲鱼交易。#周杰伦福州演唱会门票##2018周杰伦福州演唱会##2018地表最强2周杰伦# ?,,iPhone客户端,,,,,,
,,我关注了周杰伦歌迷会超话，小伙伴们快来加入周杰伦歌迷会超话一起聊聊吧~戳这里→ |周杰伦歌迷... ?,,微话题,,,,,,
,,终于明白为什么会那么喜欢我伦了 直到今天才知道这歌词是他自己写的 我觉得其实从一个人写的歌词也可以看到其人品的～ 周杰伦《稻香》 网页链接 @QQ音乐 ?,,海賊王's iPhone 7 Plus,,,,,,
,,音悦帝Music的视频《周杰伦《不能说的秘密》，最美的不是下雨天，是曾与你躲过雨的屋檐》 网页链接 (@网易云音乐) ?,,网易云音乐,,,,,,
,,忽然发现，周杰伦的《世界末日》很好听。单曲两天先 |绍兴·瓜渚... ?,,iPhone客户端,,,,,,
,,我关注了周杰伦歌迷会超话，小伙伴们快来加入周杰伦歌迷会超话一起聊聊吧~戳这里→ |周杰伦歌迷... ?,,微话题,,,,,,
,,"此刻我正在循环一路向北 我真的好喜欢周杰伦呀 希望我有钱时候他还开演唱会今天天河暴雨了 我和嘉欣穿着拖鞋出去吃酸菜鱼喝一点点 不知道这样的日子还有多久 好像不久了 屈指可数 我害怕别离 甚至是恐惧别离 会很极端的想 如果结果是别离 那么开头为什么要认识 我到现在还是想不明白 你们觉得呢 接下 ?
			...展开全文c",,iPhone客户端,,,,,,
,,LOKEY低调组合《我的天空 + Rap God (Live)》(选择导师：周杰伦) 网页链接 @QQ音乐 ?,,iPhone客户端,,,,,,
,,周杰伦《说了再见》(《海洋天堂》电影主题曲) 网页链接 @QQ音乐 ?,,iPhone客户端,,,,,,
,,求周杰伦上海演唱会6月18号两张票可接受适当加价，天价黄牛勿扰！！#周杰伦上海演唱会##周杰伦# @周杰伦资讯网官方微博 @周杰伦微吧 @地表最强周杰伦世界巡回演唱会 @周杰伦粉丝团官方微博 ?,,iPhone客户端,,,,,,
,,周杰伦《心雨》 网页链接 @QQ音乐 听说这一整个月都在下雨呢 你要记得带伞哦。 ?,,iPhone X,,,,,,
,,周杰伦无与伦比演唱会，当这个女孩出来，全场沸腾！满满的青春回忆……#搞笑视频公##幽默搞笑# 视频公的秒... ?,,微博 weibo.com,,,,,,
,,|上海一九四... 听周杰伦的歌 感觉总能回到过去 ???,,iPhone客户端,,,,,,
,,周杰伦《彩虹》(《命运呼叫转移》电影主题曲) 网页链接 @QQ音乐 ?,,iPhone客户端,,,,,,
,,周杰伦《搁浅》网页链接 @QQ音乐 明天应该放晴了 吧 网页链接 ?,,QQ音乐,,,,,,
,,周杰伦不发新歌，裘老师也没有动态觉得我灵魂都要没电了再这样就收拾东西回我的高老庄怎么能让人一点也没个期待嘞哼！（翻手翻手翻手掐腰咦没有腰诶） ?,,快充长续航魅蓝 Note5,,,,,,
,,周杰伦首部好莱坞电影《青蜂侠》在北美上映当日便将1100万美元尽收囊中，成为北美当日票房冠军。不过，有些评论家认为，该片精彩有余，内容稍显拖沓。对于加藤的扮演者周杰伦，评价充满了溢美之词：“伴随着《青蜂侠》的上映，周杰伦正在被全美的观众所熟悉。” ?,,百度分享,,,,,,
,,#唱吧#《园游会》为周杰伦打call>>网页链接 (来自@唱吧) ?,,iPhone 7 Plus,,,,,,
,,蔡依林翻唱周杰伦经典曲目《你怎么连话都说不清楚》 蔓蔓文化门... ?,,前后2000万 OPPO R11,,,,,,
,,#周杰伦常州演唱会##周杰伦小公举# 在抖音刷了一晚上小公举的视频倒计时准备中5.27我们不见不散 ?,,魅族 MX6 遇见好照片,,,,,,
,,求519周杰伦演唱会门票 只能接受加价300以内，看位置加价，黄牛别来求519周杰伦演唱会门票 只能接受加价300以内，看位置加价，黄牛别来#周杰伦地表最强金华站##2018周杰伦金华演唱会##周杰伦2018金华演唱会# ???,,iPhone 7 Plus,,,,,,
,,求519周杰伦演唱会门票 连坐两张 只能接受加价300以内，看位置加价，黄牛别来求519周杰伦演唱会门票 连坐两张 只能接受加价300以内，看位置加价，黄牛别来#2018周杰伦金华演唱会# ???,,iPhone 7 Plus,,,,,,
,,#2018周杰伦福州演唱会#那天本人有事情！出！原价！给杰伦的真爱粉 |建阳市 ?,,iPhone客户端,,,,,,
,,三年合作过后，周杰伦确定继续担任明年#中国新歌声#导师！小公举连续三年都和冠军导师的位置擦肩而过，毕竟事不过三，相信杰伦这位下季新歌声最早定下来的导师会在明年迎来大丰收！又可以在电视上看到小公举了，开心！现场微音乐... ?,,微博 weibo.com,,,,,,
,,李诞：凭李玉刚自己的足以毁掉华语乐坛，把周杰伦还给我们#幽默滑稽##搞笑六叔# 搞笑六叔的... ?,,搞笑六叔的iPhone 8 Plus,,,,,,
,,??@周杰伦-Music @李安鈞 |成都·GBB德... ?,,iPhone 7 Plus,,,,,,
,,#周杰伦长沙演唱会#出两张5.12连座的演唱会门票，看台580，因为期中考试去不了 ?,,Android,,,,,,
,,分享周杰伦 的歌曲 |说好的幸福... 突然听到这首歌 ……颇多 ?,,iPhone客户端,,,,,,
,,我一直在默默的祈祷:如果雨停了，我就去吃烤鱼，管它的，破戒就破戒了结果，雨下一整晚，都晚上十一点多了还继续下，好吧，你可以死心了，连老天爷都不赞成你破戒吃烤鱼在此，想点一首周杰伦的《雨下一整晚》送给老天爷，真特么“善解人意啊” ?,,OPPO R7s,,,,,,
,,心情复杂，听听演唱会散散心！#周杰伦常州演唱会# 蔡丶伟的秒... ?,,iPhone客户端,,,,,,
,,#音乐狂人#周杰伦《世界末日》现场版，一架钢琴，一段叙述，一个人演绎。说尽心中无限事…全球经典音... ?,,微博 weibo.com,,,,,,
,,deideidei都给我嘴fi开！@不追周杰伦追你啊 @韩洁h_ @SakuraBG |郑州·河南... ?,,iPhone客户端,,,,,,
,,周杰伦《自我催眠 (2011娱乐百分百现场)》 网页链接 @QQ音乐 ?,,iPhone客户端,,,,,,
,,你说 这两年里周杰伦和snake的演唱会门票 我都有买，想和你一起去看。下个月的也有买，一起去可以吗？我们有两年没有一起听过演唱会。 你知道吗？ 我真的很开心！！！！！ ?,,iPhone客户端,,,,,,
,,"玛德老子还没去过周杰伦的演唱会我不能消沉！还有五月天还有酷玩！还有艾薇儿！我想见一见艾薇儿她本人！所以我不能消沉！我还要去日本逛一逛呢！我还没去过那么多的地方还没见过那么多震撼人心的景色！我不能消沉！我还有那么多想学的技能还没来得及尝试！这个世界有太多我要去做的事情了，所以我不能 ?
			...展开全文c",,Weibo.intl,,,,,,
,,周杰伦《断了的弦》(《寻找周杰伦》电影插曲) 网页链接 @QQ音乐 ?,,iPhone客户端,,,,,,
,,#周杰伦#  大家还是小心点吧，别相信微博上的所谓卖票 ?,,iPhone客户端,,,,,,
,,#周杰伦昆凌#秀恩爱的日常杰伦：沙滩上有你的脚印是一辈子美景ps：不愧是优秀摄影师的作品#不爱我就拉倒# ?,,iPhone 8 Plus,,,,,,
,,我正在听周杰伦的歌曲《等你下课 (with 杨瑞代)》（来自@酷狗音乐），你也来听听吧！网页链接 ?,,手机酷狗安卓版,,,,,,
,,为啥每次喝完酒就贼喜欢听周杰伦（421终于有了正经的合照） ?,,三星 Galaxy S7 Edge,,,,,,
,,周杰伦《听见下雨的声音》 网页链接 (?-ω?`)晚安 ?,,iPhone客户端,,,,,,
,,希望睡着了在梦里能听一场周杰伦或五月天或林俊杰或张杰或田馥甄的演唱会 ?,,iPhone,,,,,,
,,周杰伦《安静 (Live)》 网页链接 @QQ音乐 ?,,iPhone客户端,,,,,,
,,最近愿望想要一个ipad 一场周杰伦演唱会门票还有 打一针 ?,,iPhone客户端,,,,,,
,,#转周杰伦511长沙演唱会门票#因为临时有事去不了，有需要的可私[愉快] ?,,iPhone客户端,,,,,,
,,#周杰伦演唱会郑州站##周杰伦郑州演唱会##周杰伦郑州站# 那个我问一下有人要周杰伦郑州演唱会 六月十号的门票吗 我舍友为了陪我去九号的又买了张九号的 就多了一张十号的 我负责帮她卖掉 看台第一排！（我不是黄牛） ?,,iPhone客户端,,,,,,
,,听会儿林宥嘉 听会儿阿菲 最舒服的时刻之一了 即使阿菲再开演唱会 也是不可能买得起票的了。。看直播吧剩下的 Eason 周杰伦 林宥嘉还有些可能 哼 ?,,微博 weibo.com,,,,,,
,,圈里有6.23福州周杰伦演唱会门票嘛跪求～ |福州·西禅... ?,,HUAWEI nova手机,,,,,,
,,近期的心愿尽快换到自己喜欢的工作买到心仪的耳钉希望周杰伦演唱会那天 在现场的朋友可以霸我的屏 一首都不错过希望自己吃少点希望安于现状希望你爱我 ?,,iPhone客户端,,,,,,
,,hey…同学，你睡了好久了… 起来了揉揉眼，请问现在是什么时候？现在是2004年8月3日下午2点18分，你作业写完了吗？该去上课了…哦？哦？好的…谢谢…#周杰伦成都演唱会# ?,,iPhone 8,,,,,,
,,送给我自己、周杰伦《祝我生日快乐。秒拍视频（上#秒拍#看我的最新短视频，下载秒拍->网页链接） ?,,秒拍客户端,,,,,,
,,周杰伦《等你下课(with 杨瑞代)》 网页链接 @QQ音乐 一个人自己等自己下课。。。空空如也。。。善哉善哉。。。 ?,,iPhone客户端,,,,,,
,,#周杰伦地表最强成都站#点歌环节，女歌迷：我喜欢你很久了，每年来每年都会看，而且我有预感今晚会选中我！你的歌，我借的第一盘磁带，是我最爱的人借给我的！学生时代满满的青春记忆最后点歌《不能说的秘密》…#不爱我就拉倒# 周杰伦歌迷... ???,,iPhone 8 Plus,,,,,,
,,#周杰伦长沙演唱会##转票# 因为演唱会跟毕业答辩时间冲突了，现有5.11当天两张580的连座票要转，可面交。非原价买入。 ?,,Android,,,,,,
,,周杰伦上海演唱会要票子的来咨询！#周杰伦上海演唱会##周杰伦上海站# ?,,iPhone客户端,,,,,,
,,三年合作过后，周杰伦确定继续担任明年#中国新歌声#导师！小公举连续三年都和冠军导师的位置擦肩而过，毕竟事不过三，相信杰伦这位下季新歌声最早定下来的导师会在明年迎来大丰收！又可以在电视上看到小公举了，开心！现场微音乐... ?,,微博 weibo.com,,,,,,
,,周杰伦成都站点歌全过程 蔓蔓文化门... ?,,前后2000万 OPPO R11,,,,,,
,,#周杰伦福州演唱会##周杰伦福州站# 出两张24号福州周杰伦 780 ??? 需要滴滴 ?,,iPhone客户端,,,,,,
,,周杰伦金华演唱会门票，1680里最好的位置。小公主说卖5000，少一分不卖，因为卖不掉就可以我们自己去啦。 ?,,iPhone客户端,,,,,,
,,分享周杰伦 的歌曲 |晴天-周杰...你的存在就是我不言而喻的快乐#放开去野# ?,,美图M8·人工智能自拍,,,,,,
,,绝地求生偶遇“周杰伦”，小迷弟疯狂要求趴在草地上唱首歌！幽默搞笑视... ?,,微博 weibo.com,,,,,,
,,"#周杰伦常州演唱会# 【盘点那些年周杰伦的歌曲被选入教科书】1.【蜗牛】进入中小学语文教材。2.【听妈妈的话】被编为小学音乐教材曲目。3.大学语文收录周杰伦的【东风破】。4.【琴伤】进入「语文教学与研究」读本教材。大学英语教材【贝多芬与周杰伦】
			...展开全文c",,iPhone 8 Plus,,,,,,
,,"?我正在收听周杰伦的歌曲《以父之名》 网页链接 （来自@QQ音乐）?我正在收听周杰伦的歌曲《以父之名》 K以父之名 （来自@QQ音乐）清者自清，浊者自浊，但没有人是无罪的。洞察人性简单，困难的是看清迷雾中的脸，人无法吹散迷雾，因为人根本不知道自己是不是处在迷雾中。记住梦想救不了自 ?
			...展开全文c",,分享按钮,,,,,,
,,周杰伦镜头里的那些甜蜜画面从牵手到拥抱，再到接吻！共涉及17部不同片段，从头到尾都是很害羞的秒拍视频 ?,,,,,,,,
,,#2018周杰伦长沙演唱会#求512两张看台票 加价两百以内马上付款 ?,,iPhone客户端,,,,,,
,,"[#神叨字幕组# - #神花痴歌曲组#]#万万小宇宙# - #稻香# MV[中韩双语][1080P][秒拍：http://t.cn/R3vGLtg][下载：http://t.cn/R3vGLtk][手机APP第一弹在线：http://t.cn/R3vGLtd][#神叨和你说晚安#~#周杰伦#稻香的韩文版？！]
			...展开全文c",,微博 weibo.com,,,,,,
,,"#莆田看天下# 【好听！福州大学女生翻唱周杰伦《说好的幸福呢》】《说好的幸福呢》收录于周杰伦《魔杰座》中，这首歌被称为2008年最遗憾的情歌，有着听歌者最容易触动心弦的旋律，下面mv是福州大学刘禹盺翻唱周杰伦《说好的幸福呢》不同的曲风也会带来不同的感受哦。#每日一善# ?
			...展开全文c",,HUAWEI P10 Plus,,,,,,
,,挥泪出让一张周杰伦5月11号780门票，位置很好，需要的联系。 ?,,OPPO R9s,,,,,,
,,2005年 HitFM 周杰伦《十一月的萧邦》首播主打歌《夜曲》电台版 UP主：手写的心 #bilibili# 网页链接 ?,,iPhone客户端,,,,,,
,,#周杰伦# 杰伦首次现身@JeremyLin林书豪 短视频！变魔术还不忘穿着T恤为公益做宣传～这一波很赞，下次要不要来个篮球切磋呀？ 抖音短视频... ?,,皮皮时光机,,,,,,
,,#爱豆世纪正面回应a##周杰伦 ##告白气球 #演唱会live版 星闻揭秘的... ?,,微博 HTML5 版,,,,,,
,,"#周杰伦长沙演唱会##2018周杰伦演唱会# 周杰伦长沙演唱会转票，511，票面价1280。我是在一个杰迷那买的，她因为加班去不了所以转给我，我们是在长沙面交的，她也只加了50。如图是她的购票信息。但是这周末我临时有事，今天才知道的，所以心痛转手。时间紧迫，走咸鱼，要的我明天就发顺丰，运费不知道 ?
			...展开全文c",,Weibo.intl,,,,,,
,,王俊凯、王源在音乐室翻唱周杰伦的歌曲，超好听，两个小杰伦迷#周杰伦# 昔日点播的... ?,,传递快乐的iPhone客户端,,,,,,
,,"17年之后忽然间发现，生活比我想象的要更加残酷一些，就好像本来要去选调生，结果今年不来招人；本来要去面试，结果其实只是陪跑，本来快有了工作，结果出现了意外。本来，结果；成功组成了新的循环模式。然后我就打开稻香一遍一遍单曲循环，跟着不断唱让自己快乐，快乐这才叫做意义。我知道在最无助 ?
			...展开全文c",,iPhone客户端,,,,,,
,,#福州身边事#【好听！福州大学女生翻唱周杰伦《说好的幸福呢》】《说好的幸福呢》收录于周杰伦《魔杰座》中，这首歌被称为2008年最遗憾的情歌，有着听歌者最容易触动心弦的旋律，下面mv是福州大学刘禹盺翻唱周杰伦《说好的幸福呢》不同的曲风也会带来不同的感受哦。喵daddy的... ???,,红米Note4,,,,,,
,,出一张6.24周杰伦演唱会门票，一张vip2区的，有意私信@集美帮帮忙 @集美走透透 @集大身边事 @集大二手市场 |厦门·集美... ?,,iPhone客户端,,,,,,
,,"网易云评论皮话 xswl 林志颖娶了自己的粉丝陈若仪。钟汉良娶了自己的粉丝齐芳。刘德华娶了自己的粉丝朱丽倩。叶上荣娶了自己的粉丝许韵珊。周杰伦娶了自己的粉丝昆凌。王力宏娶了自己的粉丝李靓蕾，朴俊杰你过来我们谈谈呗#林俊杰##jj林俊杰圣所世界巡回演唱会##人生必去的林俊杰演唱会# ?
			...展开全文c",,老滕的Android,,,,,,
,,"#浮力锁定我# 这期加很多仙女风的衣服～都是穿上一秒变淑女???♀?慢慢注入多元素的风格，平时t穿腻了换换风格会发现不一样的自己～图一是这期很喜欢的top，穿上很仙敲重点是显瘦！！搭配图五珍珠开衩裤很仙女又很时髦～图三四原版是zimmermann的我自己买来很喜欢也出了（我 ?
			...展开全文c",,iPhone X,,,,,,
,,#pubg好汉杯# 当周杰伦的队伍Jteam遇到TFboys，易烊千玺和王源两人被瞬间反杀，局势瞬间扭转！ 猫系吃鸡的... ?,,360安全浏览器,,,,,,
,,"你就是海滩下的那乌克丽丽 寻找着逆光让暧昧变成剪影 浪漫不一定要在那夏威夷沙滩上有你的脚印 是一辈子美景这歌跟Hannah真是绝配。
			...展开全文c",,,,,,,,
,,各位小伙伴有没有好看的杰伦图片，大家共享一下吧~#周杰伦长沙演唱会# ?,,,,,,,,
,,#崔始源#的中文真是大写的赞！唱#周杰伦#的《给我一首歌的时间》不仅发音标准，还好听的让人陶醉始源演唱杰... ?,,微博 weibo.com,,,,,,
,,分享 周杰伦 的歌曲《搁浅》网页链接 (分享自@虾米音乐)纠结伦就是一整个青春啊！暴露年龄无所谓啊 ?,,iPhone客户端,,,,,,
,,周笔畅超女总决赛演唱周杰伦的《黑色幽默》，一转眼已是12年了。再听的时候还是很怀念。 百听不厌音... ?,,微博网页,,,,,,
,,|新歌声五一...不得不说 还是人家视频拍得好些#OPPO中国新歌声##那英中国新歌声# @歌手李健 @周杰伦中文网JayCn @周杰伦资讯网官方微博 ?,,HUAWEI Mate 8,,,,,,
,,#创造101##周杰伦 ##告白气球 #演唱会live版 星闻揭秘的... ?,,微博 HTML5 版,,,,,,
,,#周杰伦昆凌# 度假周杰伦更新ins：你就不能放松一下吗？咱们大嫂度假都不忘健身锻炼#不爱我就拉倒# 周杰伦后援... ???,,iPhone 8 Plus,,,,,,
,,时隔16年，周杰伦的《开不了口》重新编曲，催泪大片感动来袭，你总说我不在意，其实我都放心里！ #谜之微笑# 全球猎奇视... ?,,秒拍网页版,,,,,,
,,很久以前我听周杰伦听陈奕迅 现在我听许巍听赵雷听民谣 以前听歌 听旋律 后来 听歌词 现在听故事#赵雷民谣##许巍# ?,,前后2000万 OPPO R11,,,,,,
,,三年合作过后，周杰伦确定继续担任明年#中国新歌声#导师！小公举连续三年都和冠军导师的位置擦肩而过，毕竟事不过三，相信杰伦这位下季新歌声最早定下来的导师会在明年迎来大丰收！又可以在电视上看到小公举了，开心！现场微音乐... ?,,微博 weibo.com,,,,,,
,,#音乐狂人#周杰伦《世界末日》现场版，一架钢琴，一段叙述，一个人演绎。说尽心中无限事…全球经典音... ?,,微博 weibo.com,,,,,,
,,#周杰伦长沙演唱会# 要三张 长沙站的票  380 580 ?,,前置双摄vivo X9,,,,,,
,,昆凌的姐姐很喜'欢周杰伦，没想到吧，偶像变妹夫?#搞笑幽默事# 我实在是太... ?,,秒拍网页版,,,,,,
,,周杰伦昆凌夫妇海边度假哥（歌）什么时候发？#周杰伦新歌不爱我就拉倒# 英伦式雨的... ?,,周杰伦的iPhone 7,,,,,,
,,#蔡琴# 日前登上《草莓音樂節》的大舞台，當晚她壓軸包辦1小時的演出，她不僅演唱經典老歌，更翻唱#周杰伦# 的人氣夯曲《告白氣球》，嗨翻全場。蔡琴不僅靠著幽默的綜藝感，與台下歌迷互動頻頻製造笑點，更用一首首金曲證明她的歌聲恆久且經典。|蔡琴嗨唱《... 果酱音乐的... ?,,微博 weibo.com,,,,,,
,,说说属于自己那个年代，曾红极一时的年度神曲，我 我 我是听周杰伦的歌长大的哈哈 ?,,微博 weibo.com,,,,,,
,,说说属于自己那个年代，曾红极一时的年度神曲，我 我 我是听周杰伦的歌长大的哈哈 ?,,微博 weibo.com,,,,,,
,,说说属于自己那个年代，曾红极一时的年度神曲，我 我 我是听周杰伦的歌长大的哈哈 ?,,微博 weibo.com,,,,,,
,,"周杰倫更新ins你就不能放松一下嘛？@HannahQuinlivan 周氏夫婦日常秀恩愛 了解一下，PS:你就不能跟昆凌 大嫂 一起運動一下嗎？……周杰倫，健身 瑜伽 游泳了解一下～
			...展开全文c",,自拍大明星?美图M6s,,,,,,
,,"以前一直觉得如果要给20岁加个背景音乐，那么这首歌一定要是周杰伦的她的睫毛，但是最近听这个歌总是有个阴影。雪弗兰男很喜欢周杰伦，车里都是他的歌，放到这首歌的时候突然转过来对我说“你的睫毛 弯的嘴角 无预警地对我笑”，我手上还拿着刚咬了一半的麦乐鸡块，那可是在高架上啊，开车不看着前面是 ?
			...展开全文c",,,,,,,,
,,周杰伦2018新单曲《等你下课》，听着这首歌，好像又回到了上学时代～耳机里放着歌，一句一句抄着歌词 #秒拍# 七里外的风... ?,,iPhone 6s Plus,,,,,,
,,一下午搞定两个项目，回家车上放的是周杰伦的歌，喜欢的小巾，今天真是开心?????? ?,,,,,,,,
,,各位宝宝有没有周杰伦合肥微信粉丝群 拉我一下呗#周杰伦演唱会##周杰伦合肥演唱会# ?,,iPhone 7,,,,,,
,,杰伦ins视频杰伦你是不是在旁边喝奶茶#周杰伦2018地表最强演唱会# OurJay周杰... ?,,,,,,,,
,,周杰伦《龙拳》青春里怎么会没周杰伦？现场微音乐...（上#秒拍#看我的最新短视频，下载秒拍->网页链接） ?,,秒拍客户端,,,,,,
,,周杰伦2018新单曲《等你下课》，听着这首歌，好像又回到了上学时代～耳机里放着歌，一句一句抄着歌词 #秒拍# 七里外的风... ?,,iPhone 6s Plus,,,,,,
,,周杰伦《龙拳》青春里怎么会没周杰伦？现场微音乐...（上#秒拍#看我的最新短视频，下载秒拍->网页链接） ?,,秒拍客户端,,,,,,
,,周杰伦《稻香》 网页链接 @QQ音乐现在才看懂歌词是不是有点迟。。。 ?,,iPhone,,,,,,
,,周杰伦《等你下课》真人导演版MV出炉！节后上班第一天，听一首暖暖的歌#秒拍# 七里外的风... ?,,微博 weibo.com,,,,,,
,,周杰伦无与伦比演唱会现场版《七里香》，前奏响起眼泪都要出来了，诸多美好的回忆瞬间涌上心头。真羡慕当年那些去过现场的歌迷，可以说此生无憾了。2004年无论影响力，创作歌曲的质量，现场演唱曲目都是杰伦的巅峰期，这场演唱会包含了杰伦前五张专辑太多好歌，所以让人无法忘怀。 果酱音乐的... ?,,微博 weibo.com,,,,,,
,,#2018周杰伦地表最强巡回演唱会# 周杰伦 昆凌健身周杰伦：你就不能放松一下吗？周杰伦资讯... ?,,iPhone客户端,,,,,,
,,#周杰伦# 20180507更新Instagram视频jaychou：Can’t you just relax ? ??@ hannah_quinlivan 小西喜欢的... ?,,iPhone客户端,,,,,,
,,超女总决赛周笔畅演唱周杰伦的《黑色幽默》，一转眼已是12年了。再听的时候还是很感动~音乐铺子家... ?,,微博 weibo.com,,,,,,
,,超甜！翻唱达人KHS与Casey Breves和Jasmine Clarke合作，共同演绎周杰伦的经典甜曲《告白气球》，动听的钢琴搭配上温暖的歌声，满满的浪漫~#秒拍# 开眼精选视... ?,,微博 weibo.com,,,,,,
,,"#言承旭# 【 2003年11月1日广州百事超级巨星见面会-打篮球照片】@言承旭Jerry 和周杰伦共同出席于广州黄花岗剧场举行的「百事超级巨星见面会」，见面会中，言承旭和周杰伦进行了一场篮球比赛。更多照片请移步家族资料版图片区(一)上半场玩游戏照片请戳 网页链接(二)下半场打篮球照片请戳 ?
			...展开全文c",,微话题,,,,,,
,,"#言承旭# 【 2003年11月1日广州百事超级巨星见面会-视频】言承旭和周杰伦共同出席于广州黄花岗剧场举行的「百事超级巨星见面会」，上半场是有关百事广告的游戏，下半场是言承旭和周杰伦的篮球比赛。比赛时，台下旭迷齐声为言承旭打气：「Jerry加油，Jerry加油，Jerry加油……」大家喊得又齐又大声，场 ?
			...展开全文c",,微话题,,,,,,
,,"2008-2018，我们在一起10年了，武警学院。以后不会再有的地方..................
			...展开全文c",,,,,,,,
,,周杰伦 简单爱音乐微心情...（上#秒拍#看我的最新短视频，下载秒拍->网页链接） ?,,秒拍客户端,,,,,,
,,#陈伟霆#周传雄翻唱周杰伦的《告白气球》，这个版本也非常好听，而且这个声音久违了，听着竟有点想哭的感觉。他就是小刚周传雄，小刚归来了。他说自己的病好了，现在从心到外都好了。一起欢迎周传雄重回大众面前 |飞好吃沈包... ?,,荣耀6,,,,,,
,,周杰伦的《默》潮音乐的秒...（上#秒拍#看我的最新短视频，下载秒拍->网页链接） ?,,秒拍客户端,,,,,,
,,"#陈立农奔跑吧##郑爽##林俊杰#黄渤沈腾周杰伦林俊杰,这些才子即兴发挥都是神来之笔! ?",,iPhone 6s,,,,,,
,,#周杰伦地表最强成都站# 女歌迷现场点歌《晴天》最爱的晴天大合唱还要多久我才能在你身边但故事的最后你好像还是说了拜拜#2018周杰伦演唱会# 周杰伦后援... ???,,iPhone 8 Plus,,,,,,
,,每天上班一转头就是周杰伦，王俊凯，迪丽热巴，陈伟霆的大屏广告  要是真人就好了 ?,,微博 weibo.com,,,,,,
,,#极限挑战##周杰伦 ##告白气球 #演唱会live版 星闻揭秘的... ?,,微博 HTML5 版,,,,,,
,,五月第一周三大音乐 APP 排名前三的歌手：QQ音乐：1.薛之谦 2.林俊杰 3.周杰伦网易云：1.陈奕迅 2.薛之谦 3.林俊杰酷狗：1.周杰伦 2.薛之谦 3.TFBOYS ?,,360安全浏览器,,,,,,
,,门票被降价甩卖周杰伦过气了？真相是周董歌迷打败了黄牛党(同步自@新浪看点)|门票被降价... ?,,手机新浪网,,,,,,
,,如果王力宏，周杰伦，林俊杰，一起创作一张专辑，一起合唱，最后再发行。我觉得就相当完美了。 |沧州·南大... ?,,前置双摄vivo X9s,,,,,,
,,"[友情预告] 浦发信用卡精彩呈献的周杰伦 2018""地表最强2""世界巡回演唱会上海站6月将热力开唱~天青色等烟雨，而我们在等你，记得密切关注我们，将有惊喜福利降临，敬请期待！#周杰伦上海演唱会# ?",,微博 weibo.com,,,,,,
,,#周杰伦#魔天伦常州站歌迷点歌《半岛铁盒》（至尊角度）依稀记得那场黑马站，杰伦唱的完全湿身。。#周杰伦地表最强2常州站# 周杰伦常州演唱会快来吧 秒拍视频 . ?,,iPhone 7 Plus,,,,,,
,,【在奶茶和肥胖之间，我选择奶茶】不少女生吃个苹果都要算卡路里，可面对着卡路里爆表的奶茶，她们却抗拒不了。就像周杰伦，亿万身家的他人间美味估计都吃个遍了，可割舍不下的依旧是街头十几块钱一杯的奶茶。奶茶的致命魅力在哪里？|在奶茶和肥...（南周知道） ?,,21经济网,,,,,,
,,周杰伦：一个一言不合翻跟头的中分少年#2018周杰伦地表最强巡回演唱会# ?,,iPhone 7 Plus,,,,,,
,,#周杰伦喝杯奶茶再说# 杰伦你看我都有尖下巴了，你就别喝奶茶了啊 喜欢杰伦的... ?,,OPPO R9 Plus,,,,,,
,,出两张6.10周杰伦郑州演唱会门票，A2区14排，位置正好哦，2018 ?,,荣耀9 美得有声有色,,,,,,
,,周杰伦《等你下课(with 杨瑞代)》 网页链接 @QQ音乐 ?,,iPhone客户端,,,,,,
,,#周杰伦#6月21日凌晨#昆凌二胎产子#，官方微博晒出昆凌亲吻新生儿子和女儿小周周三人的合照。周杰伦：“金曲奖可能没办法参加了，月子中心陪着母子看金曲奖感觉好特别，俗话说的好'娶妻前，生子后'运气会比较好！”，周杰伦你都二胎了，可我还是单身狗 ?,,iPhone 6s,,,,,,
,,翻看昆凌Ins的时候，无意中捕捉到了宠妻狂魔杰伦小公举。周杰伦在昆凌的Ins评论里可活跃了，他和粉丝争着比谁留言快，和摄影师争着比谁拍得好，还偷偷地吃飞醋，简直太可爱了！这还是我认识的那个周杰伦嘛，果然男人会在自己心爱的人面前变成孩子 ?,,微博 weibo.com,,,,,,
,,不知道为什么这几天只想听周杰伦 ?,,HUAWEI nova 青春版,,,,,,
,,180427林书豪IG更新杰伦相关一则：You’re so annoying @/jaychou lol!! But seriously how did you do it?!?你什麽都會，太討厭了哈哈！有人可以告訴我他怎麽變魔術嗎？他不想告訴我（笑死了周杰伦你真的好烦啊 L可他是杰伦啊的 ????,,微博 weibo.com,,,,,,
,,"厦门暴雨 #成都身边事#【你到了吗？周杰伦成都演唱会要开唱了 交警支招这样去！】“2018周杰伦地表最强2世界巡回演唱会成都站”将于2018年5月1日、O2日19:30-22:00在天府新区现代五项赛事中心举行 。成都交警提醒，进入主会场的车辆需持证进入，没有车证的车辆，请将车辆停在附近的停车区域。另据 ?
			...展开全文c",,微博 weibo.com,,,,,,
,,#流行音乐##励志歌曲#那年上初中，夏天是好漫长的，西瓜是吃不完的，作业是最后两天才赶的。那时候的时光真美好啊……周杰伦《三年二班》 |三年二班 ?,,微博 weibo.com,,,,,,
,,王俊凯生日会用偶像周杰伦的歌曲开场 这逆天大长腿 .... ?,,微博 weibo.com,,,,,,
,,6月10号有一起去周杰伦郑州演唱会的没有 |驻马店·西... ?,,iPhone客户端,,,,,,
,,绝地求生偶遇“周杰伦”，小迷弟疯狂要求趴在草地上唱首歌！幽默搞笑视... |白银·白银... ?,,小米手机5,,,,,,
,,#周杰伦地表最强世界巡回演唱会##周杰伦# 这几天循环的专辑，一首一首都是故事啊 ?,,iPhone客户端,,,,,,
,,"#电影知识范儿# 由林超贤执导、周杰伦、谢霆锋主演的《逆战》可谓是近年来非常精彩的一部枪战电影，片中连环飞车爆炸气势浩大，不单飞机大炮齐出，还去很多国家取景。其中有一场重头戏是在约旦拍摄，当时约旦政局相当不稳，到处有人抗议和示威，令拍摄过程充满不稳定因素，但为了展示各种大型军械、拍 ?
			...展开全文c",,微博 weibo.com,,,,,,
,,#2018周杰伦地表最强巡回演唱会# 你有没有爱过一个遥远的人？一个周杰伦的歌迷，一段写给你的故事。现实虽然冷峻，但幸好还有你！杰迷，这个短片送给你…视频来源@最美的伴奏最美的伴奏... ???,,iPhone客户端,,,,,,
,,#不爱我就拉倒# Hannah昆凌更新ins：Anyone need pink workers? 原来组装弹跳垫这么费劲??杰伦：我也觉得这衣服不知道哪里怪怪的??昆凌回复：因为是你的呀#2018周杰伦演唱会# ?,,iPhone 8 Plus,,,,,,
,,"周杰伦演唱会发生踩踏事件！多人受伤被紧急叫停, 成都: 音乐界的耻辱！ |周杰伦演唱... ?",,微博 weibo.com,,,,,,
,,今天因為要錄音帶了吉他走在路上，竟然被一個自稱星探的人說 很帥要幫我出單曲～～看走路就知道我有才華～～～好吧～想要超越周杰倫就靠這次了～～ ?,,iPhone客户端,,,,,,
,,#周杰伦##周游记# 周杰伦地表最强2演唱会5-6月行程表注：除合肥站未开票外，其他站次均已售罄！请大家注意购票渠道，以防被骗！原图作者@Rui-闻睿 ?,,OurJay官博iPhone客户端,,,,,,
,,小时候会想说以后长大了要去周杰伦林俊杰身边工作，结果现在长大了觉得，还是做回适合自己的工作才对呀，还是要有属于自己的梦想的。杰伦和JJ就有钱有闲的时候去看看他们就好了，生活还是得按部就班地继续下去，梦想还是要以自己实际情况去慢慢实现的，说不定哪一天两个完全不搭边的领域就搭上了呢？ ?,,Android,,,,,,
,,#周杰伦江苏歌迷会# 超级话题开通了江苏地区杰迷讨论区??#周杰伦地表最强2常州站# 关注走一波～ ?,,iPhone客户端,,,,,,
,,周杰伦演唱会上，兄Die这就是你人生的巅峰 ！！！#搞笑视频# 笑部长的秒... ?,,秒拍网页版,,,,,,
,,转两张780的～连坐～6.23 周杰伦福州场～ ?,,iPhone,,,,,,
,,#赵丽颖#王俊凯周杰伦之间迷弟和偶像的关系太让人喜欢啦～王俊凯的18岁成人礼有了偶像周杰伦的祝福一定非常开心吧#长命每日推歌#今天的早安曲推周传雄的《告白气球》Live欢迎周传雄回归 |攀枝花·攀... ?,,iPhone 6s,,,,,,
,,?我正在收听周杰伦/潘儿的单曲《夜的第七章》?网页链接（来自@QQ音乐） ?,,iPhone客户端,,,,,,
,,"《我是你的人》作者作词本人-奥芝惞献给周杰伦我是你的人为谁而可问爱过你的人千年之恋只为爱的相恋故事谁无改变传说之恋
			...展开全文c",,OPPO智能手机,,,,,,
,,#周杰伦江苏歌迷会# 再过19天又可以看见老周啦 ?,,OPPO R9,,,,,,
,,我是第25个申请创建每天都要听周杰伦超话的粉丝，申请粉丝越多，开通几率越大，大家快来戳这里→ 网页链接 帮我加快创建速度吧~ ?,,微话题,,,,,,
,,昨天梦到周杰伦和昆凌 她们吵架了 然后杰伦说心里爱的是我 哈哈哈哈哈哈哈 ?,,iPhone客户端,,,,,,
,,iTunes 是不是以为国语精选就只有周杰伦啊？我听了一上午国语精选一大半都是周杰伦 ?,,Mac客户端,,,,,,
,,我正在听周杰伦的歌曲《不能说的秘密》（来自@酷狗音乐），你也来听听吧！网页链接 ?,,手机酷狗安卓版,,,,,,
,,GTY2018 “送给喜欢周杰伦的朋友；不喜欢别进谢谢。”龙鑫dt7q8... ?,,微博 weibo.com,,,,,,
,,2018年实现了和全家人去旅行的愿望辽宁队夺得CBA总冠军今年的最后一个心愿 九月份可以去看周杰伦大连演唱会希望今年 是一个很好的二零一八年 ?,,iPhone 7,,,,,,
,,#周杰伦# 依然范特西 你最喜欢这张专辑哪首歌呢 ?,,,,,,,,
,,"发布了头条文章：《为什么越来越多女生不想谈恋爱？》 ————————————————————————————————————————————————————————————————————————————————————————————————————————————
			...展开全文c",,微博 weibo.com,,,,,,
,,#周杰伦江苏歌迷会# 日常打call，期待5.26地表最强2常州演唱会 ?,,前后2000万 OPPO R11,,,,,,
,,#2018周杰伦长沙演唱会#挥泪转12号长沙周杰伦780两张 可以走咸鱼买进价格出 ?,,前后2000万 OPPO R11,,,,,,
,,很喜欢周杰伦的音乐，唯独《青花瓷》听不下去不是歌曲本身的问题，是因为上学时做过太多和这首歌有关的语文试题，留下的心理阴影到现在还没消除 ?,,微博 weibo.com,,,,,,
,,今年 武志红奇葩大会 证明了周杰伦 听妈妈的话是最 狗屎的作品 ?,,Android,,,,,,
,,周杰伦最甜的一首歌，听完就想恋爱了，好听极了！#周杰伦新片被曝停拍#国内娱乐头... ?,,微博 weibo.com,,,,,,
,,#福州身边事#【好听！福州大学女生翻唱周杰伦《说好的幸福呢》】《说好的幸福呢》收录于周杰伦《魔杰座》中，这首歌被称为2008年最遗憾的情歌，有着听歌者最容易触动心弦的旋律，下面mv是福州大学刘禹盺翻唱周杰伦《说好的幸福呢》不同的曲风也会带来不同的感受哦。喵daddy的... ?,,专业版微博,,,,,,
,,周杰伦无与伦比演唱会，当这个女孩出来，全场沸腾！满满的青春回忆…… 傻六的秒拍... ?,,秒拍网页版,,,,,,
,,#周杰伦常州演唱会#求两张26号常州演唱会门票，连坐的，拒绝高价黄牛，谢谢！ ?,,iPhone客户端,,,,,,
,,5月11周杰伦演唱会门票由于本人是在摩天轮票务购买的，所以价格比票面价确实贵了不少，一千一张也只能保本，非诚勿扰。两张连号，忍痛转让 ????,,微博 weibo.com,,,,,,
,,#周杰伦长沙演唱会#5月12日1280的三张连坐票，现在有事去不了了，门票转给需要的人，面交或走闲鱼，黄牛勿扰，需要可以私信 ???,,iPhone客户端,,,,,,
,,#周杰伦2018长沙演唱会# 倒计时4天舞台已经在搭建中啦小编已经迫不及待啦你们呢？ ?,,荣耀9 美得有声有色,,,,,,
,,惊艳！听说是照着周杰伦婚礼时那个教堂来建的是数一数二的实景教堂太美了 ?,,iPhone客户端,,,,,,
,,#周杰伦#自诩中文标杆，遭庾澄庆那英的拆台！哈哈哈，说好的包袱呢？ 神曲神歌手... ?,,微博网页,,,,,,
,,朋友想出一张周杰伦5.12号长沙贺龙体育馆演唱会看台780的票，当时一千多买的，由于个人原因看不了了。??需要的小宝贝们啊！！私我！#周杰伦长沙站##周杰伦演唱会门票转让# 价格什么的都好商量\(//?//)\ ?,,iPhone客户端,,,,,,
,,分享 梁静茹 的歌曲《失忆》网页链接 (分享自@虾米音乐)初中的，单曲循环。周杰伦作词作曲 ?,,iPhone客户端,,,,,,
,,#周杰伦长沙演唱会#  有出山顶票的吗（不要黄牛不要高价） ???,,iPhone X,,,,,,
,,我关注了周杰伦江苏歌迷会超话，小伙伴们快来加入周杰伦江苏歌迷会超话一起聊聊吧~戳这里→ |周杰伦江苏... ?,,微话题,,,,,,
,,求周杰伦6月23或24福州演唱会的门票！！！实在是抢不到啊！！！@周杰伦中文网JayCn ?,,小米手机5,,,,,,
,,"#南宁生活# @vivazloves 本人89年，身高165，桂平市人，天蝎座，本科学历，南宁自己买有套三房，有一台标志508，平时很喜欢唱歌，特别爱周杰伦，摄影技术也不错，得空就爱去看电影打羽毛球，希望另外一半也有相同爱好，有固定工作，孝顺父母，大方得体，聊得来最重要吧。希望能遇到对的那个人，一两年 ?
			...展开全文c",,投稿请私信iPhone客户端,,,,,,
,,#周杰伦江苏歌迷会# 超级话题开通啦！????两驱的杰迷们赶紧来关注期待下一站#周杰伦地表最强2常州站# 一起地表最强！ ?,,iPhone 7 Plus,,,,,,
,,?我正在收听周杰伦的单曲《晴天》?网页链接（来自@QQ音乐）莫名的单曲循环?? ?,,老旷赏的iPhone客户端,,,,,,
,,听过周杰伦演唱会版的《默》吗 歌迷为大 点啥唱啥 我伦来者不拒#搞笑视频# 傻六的秒拍... ?,,秒拍网页版,,,,,,
,,“莫文蔚的阴天 孙燕姿的雨天 周杰伦的晴天 都不如和我聊天”#顺子店长##顺子女子美发会所##郑州接发# |郑州 ?,,iPhone客户端,,,,,,
,,"任达华台下跳扭屁屁舞,台上为周杰伦老婆谋福利 蹲在坟头点... ?",,360安全浏览器,,,,,,
,,"一群小孩子上学的时候在喊话，我仔细听了一下“周杰伦”嗯，也是同辈里的年少记忆(我的记忆可能更多的是哥哥)“迪玛希”嗯？？？耳熟，不知道，好像很火。“热巴”这个我晓得，漂亮的李慧珍。不得了了，最近微信圈和微博个别在刷101，一脸蒙蔽，感觉自己像个老古董，每天看看新闻读读申论刷一丢 ?
			...展开全文c",,Weibo.intl,,,,,,
,,周杰伦 的歌曲 |夜曲- 周杰...前奏就是一整个青春啊~ ?,,iPhone客户端,,,,,,
,,#周杰伦郑州演唱会# 周杰伦6月10日郑州演唱会680门票一张，因为就抢到一张，所以转让，座位已出，马上可以转！！ |新乡 ?,,iPhone客户端,,,,,,
,,#小猪嘟嘟##赵丽颖#周杰伦林俊杰首次台北同台 ?,,搜狗高速浏览器,,,,,,
,,周杰伦上海连开四场我居然没有抢到一张 ?,,iPhone客户端,,,,,,
,,#华语乐坛第一个100亿！周杰伦在QQ音乐播放量最高的4首歌#@腾讯视频 华语乐坛第... ?,,腾讯视频安卓客户端,,,,,,
,,我关注了周杰伦歌迷会超话，小伙伴们快来加入周杰伦歌迷会超话一起聊聊吧~戳这里→ |周杰伦歌迷... ?,,微话题,,,,,,
,,#周杰伦长沙站##周杰伦地表最强巡回演唱会##周杰伦演唱会# 唉。。。一票难求啊…有没有非黄牛转票要两张连坐 长沙站 11号12号都可以！ ?,,iPhone客户端,,,,,,
,,#分享好音乐# 周杰伦《夜的第七章》 |夜的第七章 今天有“7”，但是明天也有 “7”哦  ?,,微博 weibo.com,,,,,,
,,??周杰伦《晴天》 网页链接 @QQ音乐 ?,,iPhone客户端,,,,,,
,,#2018周杰伦郑州演唱会#出两张6月10日周杰伦演唱会内场票，两张2018的连座，v3区第24排10以内小号，非黄牛，走闲鱼，要的速来 ???,,iPhone客户端,,,,,,
,,nb123转一张623周杰伦福州演唱会780的门票，走闲鱼 周杰伦福州演唱会 周杰伦福州演唱会门票 周杰伦2018福州演唱会 周杰伦福州  ? ?,,热门微博,,,,,,
,,@天明和月儿终于又在一起了 ?我正在收听周杰伦的歌曲《星晴》 网页链接 （来自@QQ音乐） ?,,分享按钮,,,,,,
,,#周杰伦郑州演唱会##2018周杰伦郑州演唱会##周杰伦郑州###周杰伦郑州站# 帮出两张6.10号780连坐，位置如图 算780看台最好区域了 有意私聊 ?,,iPhone 6s,,,,,,
,,日前！看穿我的内心、可不可以在我嘴硬的时候：并力邀华语流行歌手周杰伦代言、给我最好的疼爱。 ?,,iPhone客户端,,,,,,
,,"当某些人沉浸在自己世界当中的时候“我唱歌给你听好吧”“我们找部电影看吧”“你想听什么歌你要告诉我啊不然我不知道”“我想看电影…”“残酷月光怎么样？”“你安静………”
			...展开全文c",,iPhone 7,,,,,,
,,00后国产美少年戏腔惊艳演绎《霍元甲》致敬偶像周杰伦 _LemonTree #哔哩哔哩# 00后国产美... ?,,,,,,,,
,,周杰伦《黑色幽默 (Live)》 网页链接 #周杰伦# 败给你的黑色幽默 ?,,iPhone客户端,,,,,,
,,#周杰伦郑州演唱会# 内场一张 走咸鱼 ?,,iPhone客户端,,,,,,
,,#周杰伦演唱会门票转让##周杰伦郑州演唱会# 转票两张已经选过坐位啦。#周杰伦# ?,,iPhone客户端,,,,,,
,,"蔡依林走向周杰伦的那一分钟, 就像我们的青春那么长…… 污姐的日常... ?",,秒拍网页版,,,,,,
,,#周杰伦郑州演唱会##周杰伦郑州站# 10号内场第五排偶遇 顺便帮朋友卖一张七排的 ?,,iPhone客户端,,,,,,
,,周杰伦《等你下课》真人导演版MV出炉！节后上班第一天，听一首暖暖的歌#秒拍# 七里外的风... ?,,微博 weibo.com,,,,,,
,,希望周杰伦先生能来广州，不要待定了，谢谢 ?,,Android,,,,,,
,,我是第4个申请创建每天都要听周杰伦超话的粉丝，还差6人就满足申请条件啦！大家快来戳这里→ 网页链接 帮我加快创建速度吧~ ?,,微话题,,,,,,
,,#周杰伦# 周杰伦演唱会正在布场，想听声音的可以找我#长沙# |长沙·河西... 摄影师陈义... ?,,,,,,,,
,,周杰伦《告白气球》 网页链接 @QQ音乐 ?,,QQ音乐,,,,,,
,,周杰伦第一次在内地演唱经典歌曲《晴天》，那时候真的好青涩啊 内裤都笑飞... ?,,微博 weibo.com,,,,,,
,,周杰伦郑州演唱会 6.10号郑州 780连坐两张 排号105 今天12点进场选座 7区b第一排 大麦上应该不会有几张更好的同价位座位了临时有事去不了 适当加价 走闲鱼 面交都可以 可以改地址 #周杰伦郑州演唱会##周杰伦郑州##周杰伦演唱会# ?,,iPhone客户端,,,,,,
,,爵士鼓小帅哥街头演奏周杰伦《告白气球》，传说中的“小鲜肉”！ 正在更新的... ?,,微博 weibo.com,,,,,,
,,"刚看完了小姐姐们，真的都好努力哦然后pick强东玥组的歌《爷爷泡的茶》才知道这首歌是周杰伦的噢超好听 编舞也很好宣仪小姐姐颜值是很高不过唱歌嘛…就…而且还没宣布结果就开始举手了有点自负啊
			...展开全文c",,万人迷OPPO R7,,,,,,
,,见到了周杰伦的好朋友@刘耕宏willliu，所以周杰伦郑州演唱会有转票的吗？求三张 ?,,iPhone 7,,,,,,
,,周杰伦《天涯过客》网页链接 @QQ音乐 快出新歌吧 网页链接 ?,,QQ音乐,,,,,,
,,#2018周杰伦演唱会#出一张5.11周杰伦演唱会的票，不是黄牛，没时间去。看台票原价780入的，1100出。旁边是个妹子，要的私我 ?,,iPhone客户端,,,,,,
,,#周杰伦长沙演唱会#511看完演唱会有小伙伴一起回常德吗 ?,,iPhone客户端,,,,,,
,,初中粉上周杰伦，可能是我有史以来看男人最准的一次了。【中国有嘻哈】周杰伦高能嘻哈说唱part1 UP主：Kevin_Music #bilibili# 网页链接 ?,,iPhone客户端,,,,,,
,,发布了头条文章：《华语乐坛可以与周杰伦称的上同一级别的歌手，应该也就这几个人了》 |华语乐坛可... ?,,微博 weibo.com,,,,,,
,,#音乐狂人#周杰伦《世界末日》现场版，一架钢琴，一段叙述，一个人演绎。说尽心中无限事…全球经典音... ?,,微博 weibo.com,,,,,,
,,《#周杰伦# 十级中文歌曲》你能到第几级？小姐姐厉害了 ?,,微博 weibo.com,,,,,,
,,但没想到在这里碰到了手持《双截棍》的周杰伦。吃点《豆浆油条》，只好变成了一只《精灵》！ ?,,iPhone客户端,,,,,,
,,#春晚# 超奇妙混搭来了！周杰伦与 ?,,微博 weibo.com,,,,,,
,,Stark_Film...多少人的爱情里都有一首周杰伦，在蠢蠢欲动的年纪里，所有美好的故事从晴天的前奏开始响起就可以全部浮现了，看见你的笑我怎么睡得着，以后的岁月里都希望有你的陪伴。婚礼布置：@芯恋婚禮 摄影：@可可视觉摄影 妆发：@Fiona-摩登湾造型 司仪：@梦想司仪团-舒放 ?,,,,,,,,
,,"【在奶茶和肥胖之间，我选择奶茶】不少女生吃个苹果都要算卡路里，可面对着卡路里爆表的奶茶，她们却抗拒不了。就像周杰伦，亿万身家的他人间美味估计都吃个遍了，可割舍不下的依旧是街头十几块钱一杯的奶茶。甚至有人“一天不喝想到发疯，两天不喝精神崩溃”。大家为什么这么爱奶茶？奶茶真这么好喝吗 ?
			...展开全文c",,专业版微博,,,,,,
,,周杰伦说：这是他唯一想要拿回来自己唱的一首歌，太好听了！陈奕迅、张敬轩、谢安琪、梁文音四人同唱又是另一番味道 好运逗比的... ?,,搜狗高速浏览器,,,,,,
,,我帮他们写了歌 因为我没写过 保育动物之类的歌周杰伦/林迈可(铁竹堂)《四面楚歌》网页链接 @QQ音乐 网页链接 ?,,三星 Galaxy S7 Edge,,,,,,
,,张家辉终于忍不住了：你们不要再叫我渣渣辉了让周杰伦告诉你！ 网页链接 ?,,秒拍网页版,,,,,,
,,我免费围观了 @潘乃宪声乐 的回答，问题价值 30.00 元，快来一起免费围观~ 微博问答 ?,,,,,,,,
,,#ukulele尤克里里# 周杰伦的《安静》练习了很久，但 每次连起来弹就会有卡壳??毕竟是新生 |沈阳·北陵... 作死海狗的... ?,,iPhone客户端,,,,,,
,,#SuperJunior#-#崔始源#在见面会上带来#周杰伦#《给我一首歌的时间》~哥哥的中文满昏满昏！一首歌的时间怎么能够啊！始源演唱杰... ?,,微博 weibo.com,,,,,,
,,"#林更新# #林更新三行情书#【三行情书之土味情话4.0】“阿更，你是不是喜欢周杰伦的《晴天》啊？”“嗯，怎么了？”“可是，我只喜欢有你的每一天。”
			...展开全文c",,狗哥哥送的Android,,,,,,
,,珍贵照片丨2001年2月周杰伦新加坡机场照片，当时无人接机，几乎没有人关注他，行李都是自己拿。但是他就是这样从默默无闻一步步走向华语流行天王的！致敬！ ?,,iPhone客户端,,,,,,
,,#2018周杰伦郑州演唱会#出两张郑州站门票。680连坐。自己有了。别人又送两张。要出手。有意私。可面交 ?,,iPhone客户端,,,,,,
,,"一起去看周杰伦，一起逛宜家又食又拎，一起纹身当个酷酷的社会人，一起精心布置又大几坪的房间，一起熬夜看综艺喝可乐吃烧烤，一起逛超市添补家用还买菜做饭，一起早起喝茶跨越城区去买面包，
			...展开全文c",,,,,,,,
,,我关注了周杰伦歌迷会超话，小伙伴们快来加入周杰伦歌迷会超话一起聊聊吧~戳这里→ |周杰伦歌迷... ?,,微话题,,,,,,
,,垃圾网易云，听不了周杰伦，这是自己作死想破产吧 ?,,iPhone客户端,,,,,,
,,#周杰伦郑州演唱会# 现在的黄牛，业务这么难做么？都需要这么辛苦，挖到我两年前的微博，问我要不要票 |衡水·安平... ?,,,,,,,,
,,周杰伦新歌很快就要来了！其实很早就唱好了 应该也就这几天啦！！ ?,,,,,,,,
,,#晴天-周杰伦#故事的小黃花.. ?,,,,,,,,
,,#2018周杰伦常州演唱会#求5月26日常州站门票两张，什么位置都可以，谢谢！ ?,,iPhone客户端,,,,,,
,,"发布了头条文章：《王思聪爆出的猛料, 一个比一个劲爆! 周杰伦陈赫无故躺枪》 |王思聪爆出... ?",,微博 weibo.com,,,,,,
,,"#恩施身边事#【恩施女博士校园卖恩施小吃 上演现实版“等你下课” 】周杰伦推出的新曲“等你下课”走红网络，而现实版的等你下课在@武汉大学 上演。今年准备博士毕业的刘锐与老公阚成在校园里开了一家名为“UFO”的恩施小吃店，每天上午忙完之后，刘锐就去图书馆写论文，下午阚成收拾完小摊，便去 ?
			...展开全文c",,,,,,,,
,,每天都在刷新 看新歌有木有消息累的嘞...微博的最大意义就是周杰伦 ?,,iPhone客户端,,,,,,
,,#萌妻食神# 周杰伦双截棍另类唱法 ?,,小所可爱的Android,,,,,,
,,周杰伦《彩虹》网页链接 @QQ音乐 您很忙，那我就为您做一只《彩虹》吧。 网页链接 ?,,QQ音乐,,,,,,
,,#周杰伦##周杰伦长沙演唱会##2018周杰伦长沙演唱会# 由于突发事情，去不了11号长沙的演唱会捏现转当日演唱会门票4张，价钱看截图，有诚意的小伙伴价钱还可商榷……也望看到的杰迷帮转下，感谢 ???,,iPhone客户端,,,,,,
,,#周杰伦常州演唱会##周杰伦演唱会# 球两张5.26票票，黄牛掰掰假票掰掰抢钱的也掰掰480 580 780都ok?? ?,,,,,,,,
,,周笔畅超女总决赛演唱周杰伦的《黑色幽默》，一转眼已是12年了。再听的时候还是很怀念。 #ADX625# 现场微音乐... ?,,OPPO智能手机,,,,,,
,,这是最好的轨迹，也是最好的周杰伦，就好似那场演唱会的名字，无与伦比。“谢谢，谢谢你们来听我的演唱会”。带来最后一首歌曲《轨迹》.......... w巫木木的... #周杰伦地表最强演唱会# ?,,iPhone客户端,,,,,,
,,时隔16年，周杰伦的《开不了口》重新编曲，催泪大片感动来袭，你总说我不在意，其实我都放心里！ #谜之微笑# 大侦探夏洛... ?,,秒拍网页版,,,,,,
,,周杰伦现场版《甜甜的》，超爱这首歌，感觉有种初恋的味道，听完心情好好！ 全球经典音... ?,,皮皮时光机,,,,,,
,,周杰伦现场版《甜甜的》，超爱这首歌，感觉有种初恋的味道，听完心情好好！ 全球经典音... ?,,皮皮时光机,,,,,,
,,周杰伦最感人的情歌之一《明明就》，当年是多么的讨厌周杰伦，应该是偏见吧，觉得他唱的都是吐字不清的口水歌。不过没办法他太红，耳濡目染以后放下偏见去听他的歌，你会发现真的很给力，不论唱功还是创作才华。比如这首，最近都在单曲循环。 听音记_78... ?,,微博网页,,,,,,
,,#福州身边事#【好听！福州大学女生翻唱周杰伦《说好的幸福呢》】《说好的幸福呢》收录于周杰伦《魔杰座》中，这首歌被称为2008年最遗憾的情歌，有着听歌者最容易触动心弦的旋律，下面mv是福州大学刘禹盺翻唱周杰伦《说好的幸福呢》不同的曲风也会带来不同的感受哦。喵daddy的... ?,,微博 weibo.com,,,,,,
,,快乐大本营，陈柏霖林允带来周杰伦作品《星晴》，唱出了不一样的味道，泥萌欢喜吗视频童姥的... |遵义·天利... ?,,小米手机5,,,,,,
,,王俊凯 难题记者：杨幂和周杰伦掉水里，你先救哪一个？王俊凯：额……这个……下一题。粉丝：周杰伦和路飞选择谁？王俊凯：你要我怎样？哈哈哈哈哈哈哈哈，可怜的孩子！！！周杰伦到底做错了什么 ?,,微话题,,,,,,
,,"#王俊凯# 天天看别人家老师给放凯凯视频，我们音乐老师真是个极品，讲歌手讲的好好的，讲到当代流行歌手，给我来一句比如 “林俊杰，周杰伦，还有你们喜欢的掏f啊”说了两遍本来就不喜欢她，一个公鸭嗓一定要来教音乐，我今天上她课戴耳机，本来还不知道，后来别人跟我说的，那时候全班听到都看 ?
			...展开全文c",,HUAWEI nova 2 Plus,,,,,,
,,陈奕迅、刘欢、那英、周杰伦，四位导师殿堂级《沧海一声笑》，耳朵都怀孕了！#秒拍# 全球娱乐趣... ?,,微博 weibo.com,,,,,,
,,胡歌、周杰伦把助理宠成公主 果然是男神 ?,,微博 weibo.com,,,,,,
,,#北京身边事# 【周杰伦北京大学演讲：人一定要有一技之长】 周杰伦在北大百年讲堂的演讲中，全程没有鸡汤，接地气，很真实。人生只要坚持你的初衷梦想，每个人都可以不平凡。江西校园事... ?,,微话题,,,,,,
,,#周杰伦福州演唱会# 出6月23日580元门票连坐，E7区，可走闲鱼。 ?,,360安全浏览器,,,,,,
,,#陶晶莹#首谈照片外泄: 杰伦对我说本来他也要发的!网友：还要脸吗？#周杰伦# |陶晶莹首谈... ?,,微博 weibo.com,,,,,,
,,#王俊凯18岁karryon##王俊凯#王俊凯 周杰伦 作为小迷弟，王俊凯18岁成人礼开场舞情景剧《半兽人》《半岛铁盒》《夜的第七章》《一路向北》 帅炸开场！而周杰伦也贴心送上花篮，祝福小凯生日快乐！并表示音乐上有什么问题随时找他，永远支持你哦！太羡慕啦！看看别人家的追星！再看看自己的，哭晕. ?,,微博 weibo.com,,,,,,
,,"60岁蔡琴唱《告白气球》　「周杰伦出现」吓她一跳！出道40年的大中华天后蔡琴，登上北京《草莓音乐节》的大舞台，当晚她压轴包办1小时的演出，幽默又有智慧的蔡琴，60岁的她妙语如珠、还吉他自弹自唱，展现近日苦练的成果。蔡琴一连演唱了多首经典歌曲，包含《我等着你回来》、《新不了情》、《恰 ?
			...展开全文c",,360安全浏览器,,,,,,
,,2016周杰伦地表最强演唱会上海首场顺序歌单网页链接（来自@酷我音乐） ?,,iPhone客户端,,,,,,
,,S.H.E《热带雨林》作曲周杰伦，作词方文山，周杰伦给SHE的歌曲首首经典，首首值得回味！#S.H.E# 百听不厌音... ?,,微博网页,,,,,,
,,周杰伦 你怎么说弹钢琴的杰伦魅力值无与伦比心 跳 跳 跳珍贵视频! ... ?,,,,,,,,
,,人陶醉的壹 周杰伦篮球生涯的巅峰，乔丹科比魔术师詹姆斯结合体都挡不住，真的太逆天了#NBA# ?,,微博 weibo.com,,,,,,
,,#ninepercent蔡徐坤##贾乃亮##2017周杰伦厦门演唱会#表白周杰伦 ?,,iPhone 6 Plus,,,,,,
,,陈奕迅、刘欢、那英、周杰伦，四位导师殿堂级《沧海一声笑》，耳朵都怀孕了！#秒拍# 全球娱乐趣... ?,,微博 weibo.com,,,,,,
,,从此一生追随周杰伦 ?,,前置双摄vivo X9,,,,,,
,,周杰伦无与伦比演唱会，当这个女孩出来，全场沸腾！满满的青春回忆…… 大侦探夏洛... ?,,秒拍网页版,,,,,,
,,昨天老美講滴滴司機車上一直在放周杰倫的歌，我想到高三坐我前面的男生，那段時間一直在哼《夜曲》。裡面一句“為你彈奏肖邦的夜曲，紀念我死去的愛情”那會兒我們還嘲笑過他。轉眼兩年過去，再想去那段日子，還挺奇妙的。 ?,,Weibo.intl,,,,,,
,,歌迷们都知道周杰伦超有才，有才到什么地步呢，写歌都是按分钟计算，灵感源自自身才华，连陈奕迅都说他非人类@周杰伦官方资讯 昔日点播的... ?,,,,,,,,
,,哪里有彩虹告诉我 能不能把我的愿望还给我#彩虹-周杰伦# ?,,,,,,,,
,,出一张27号周杰伦演唱会的门票，内场A2区10排，位置绝佳，绝对比市场价便宜，#周杰伦常州演唱会# 感兴趣的私聊[嘿哈][嘿哈][嘿哈]#周杰伦常州站##2018周杰伦常州演唱会# ?,,iPhone客户端,,,,,,
,,#腾讯没有梦想##周杰伦 ##告白气球 #演唱会live版 星闻揭秘的... ?,,微博 HTML5 版,,,,,,
,,#创造101##周杰伦 ##告白气球 #演唱会live版 星闻揭秘的... ?,,微博 HTML5 版,,,,,,
,,由闫妮母女主演的《我是你妈》片尾曲MV，母女俩翻唱周杰伦的《听妈妈的话》，“听妈妈的话，别让她受伤…”新浪电影的... ?,,微博 weibo.com,,,,,,
,,"#2018周杰伦地表最强巡回演唱会#长沙5月11-12日金华5月19日常州5月26-27日合肥6月2-3日郑州6月9-10日上海6月15-18日
			...展开全文c",,柔光自拍vivo X7Plus,,,,,,
,,【昆凌与助手穿情侣装晒照片 周杰伦：这衣服哪里怪怪的】最近，昆凌@HannahQuinlivan 在社交媒体上PO出了一张和助手穿着“情侣装”的合照，还被#周杰伦# “吃醋”问到“我觉得这衣服不知道哪里怪怪的”，粉丝立马起哄“和你穿就不怪了”。#爱奇艺早班机# 昆凌与助手... ?,,微博 weibo.com,,,,,,
,,周杰伦4.21地表最强2珠海站歌迷点歌听妈妈的话 音乐新时尚... ?,,秒拍网页版,,,,,,
,,周杰伦经典歌曲分享《扯》音乐视频拍摄花絮，没看过的快收藏吧#周杰伦新歌不爱我就拉倒# 音乐盒子_B... ?,,,,,,,,
,,#运动教室##周杰伦 ##告白气球 #演唱会live版 星闻揭秘的... ?,,微博 HTML5 版,,,,,,
,,#甜蜜520##周杰伦 ##告白气球 #演唱会live版 星闻揭秘的... ?,,微博 HTML5 版,,,,,,
,,你是我的优乐美，白发苍苍的周杰伦来看她、性感女神极致美女车模保时捷911……直到有一天；凑近她说 ?,,iPhone客户端,,,,,,
,,#hi五月##周杰伦 ##告白气球 #演唱会live版 星闻揭秘的... ?,,微博 HTML5 版,,,,,,
,,#王俊凯18岁karryon##王俊凯#王俊凯 周杰伦 作为小迷弟，王俊凯18岁成人礼开场舞情景剧《半兽人》《半岛铁盒》《夜的第七章》《一路向北》 帅炸开场！而周杰伦也贴心送上花篮，祝福小凯生日快乐！并表示音乐上有什么问题随时找他，永远支持你哦！太羡慕啦！看看别人家的追星！再看看自己的，哭晕. ?,,微博 weibo.com,,,,,,
,,周杰伦逆袭之路，超励志的一个视频！！ 污姐的日常... ?,,,,,,,,
,,突然好怀念以前疯狂喜欢周杰伦的那段岁月???~ ?,,Android客户端,,,,,,
,,我还是记得听他第一首歌是星晴，请记得，总有这样的时候突然好怀念那些年一起追周杰伦的日子！你曾经也没把我放在心上。周杰伦总是特别的。如果有一天，在街上听到他的歌也一定会觉得很窝心。 ?,,iPhone客户端,,,,,,
,,王俊凯生日会用偶像周杰伦的歌曲开场 这逆天大长腿 .... ?,,微博 weibo.com,,,,,,
,,yezi55#运动就是坚持#09854【厉害了:物理老师用铜线、磁铁弹奏《菊花台》】江西师大的物理老师仅用铜线、磁铁演奏周杰伦歌曲《菊花台》！网友笑称，真是物理界最会弹琴的，弹琴界物理最好的！厉害了word物理老师！吐槽社的秒... ?,,微博 weibo.com,,,,,,
,,王俊凯生日会用偶像周杰伦的歌曲开场 这逆天大长腿 .... ?,,微博 weibo.com,,,,,,
,,QVT0507周杰伦《蜗牛-周杰伦》|蜗牛-周杰... ?,,微博 weibo.com,,,,,,
,,#胡一天#《安静了》是华语女子团体S.H.E演唱的一首轻摇滚曲风的抒情慢歌，Selina填词，周杰伦谱曲，收录于S.H.E2008年9月23日发行的第11张专辑《我的电台FMS.H.E》中 |济南·小鸭... ?,,小米手机3,,,,,,
,,演唱会爆笑现场：粉丝当着周杰伦喊林俊杰 萧亚轩求合唱没人理 电影视频制... ????,,皮皮时光机,,,,,,
,,#李易峰#网上流传的某活动艺人邀约费用，吴亦凡、杨幂、鹿晗、黄子韬、张艺兴都在两百万以上，吴亦凡阵容好大！PGone、李荣浩都比周杰伦蔡依林报价高！你们觉得可能吗？ ?,,微博 weibo.com,,,,,,
,,#李易峰#网上流传的某活动艺人邀约费用，吴亦凡、杨幂、鹿晗、黄子韬、张艺兴都在两百万以上，吴亦凡阵容好大！PGone、李荣浩都比周杰伦蔡依林报价高！你们觉得可能吗？ ?,,Android客户端,,,,,,
,,RTY0507[瞧瞧] “2017.10.21周杰倫地表最強廈門站第一場，半島鐵盒”谁是你的玛... ?,,微博 weibo.com,,,,,,
,,QRP2018[去旅行] 好听，好听…我正在收听周杰伦的单曲《稻香》网页链接 ?,,微博 weibo.com,,,,,,
,,"#极限挑战#昆凌自曝拍戏中途怀孕 天王嫂昆凌最近积极为电影《极智追击：龙凤劫》宣传，并和搭档英国男星奥兰多布鲁姆上某综艺，节目现场遭爆料她拍戏时周杰伦来探班，两人在片场总是粘在一起，因抵挡不住大家好奇，昆凌松口承认“我的确是拍戏中途怀孕的”且片中很多动作戏，还曾摔倒过，直到拍完 ?
			...展开全文c",,微博 weibo.com,,,,,,
,,#国家德比##我不喜欢这世界，我只喜欢你#甲：周杰伦给我来电话了！！！！！ ?,,iPhone 6s,,,,,,
,,QVT0507周杰伦《可爱女人-周杰伦-专辑《Initial J》》|可爱女人-... ?,,微博 weibo.com,,,,,,
,,周杰伦《给我一首歌的时间》网页链接 @QQ音乐 网页链接 ?,,Android,,,,,,
,,明哥出柜 各位就开始挖老爷的歌词 于是又有人【为装文艺强说愁】 我想说 你懂个屁呀 凑啥热闹 滚一边去听你的周杰伦罗志祥去 ?,,小米Note 3 拍人更美,,,,,,
,,QRP2018“周杰伦地表最强杭州演唱会，小仙女小姐姐点歌环节可以说是很6了！镜头拉近一点，让他老婆看看我！多！美！”踏云听雨的... ?,,微博 weibo.com,,,,,,
,,"【小伙怕迟到每天跑20公里上下班 曾因占领朋友步数封面被删好友】微信好友里有岳云鹏，陈赫，周杰伦，还有李诞的女朋友！你说厉不厉害！河南郑州90后小伙马帅曾因上班迟到被罚款，后来为了不再迟到，他每天跑步20公里上下班，一坚持就是7年，再未因为迟到被罚款，因为长期占据朋友的步数封面 ?
			...展开全文c",,iPhone客户端,,,,,,
,,那一年是2000年周杰伦出道！也是那一年我们的青春刚刚开始 视视娱扒的... ?,,秒拍网页版,,,,,,
,,香港歌迷在周杰伦演唱会上自弹自唱挑战他，没点才艺都不敢去听演唱会了??#搞笑视频# 买家秀的日... ?,,秒拍网页版,,,,,,
,,不是我吹用微博这么久，第一次有微友点赞话说，杰伦怎么还不发新歌！#周杰伦不爱我就拉倒# ?,,Samsung Galaxy S8,,,,,,
,,纯爱电影《第一次》在第二届北京国际电影节，导演韩廷携手主演Angelababy、袁咏琳亮相。公布的第一首主题曲《都要微笑好吗？》由乐坛天王周杰伦作曲、方文山作词，由饰演女主角宋诗乔的Angelababy演唱。 ?,,小米Note 3 拍人更美,,,,,,
,,每天送一位 送到新歌出来为止 #周杰伦不爱我就拉倒# ?,,iPhone 7,,,,,,
,,青春纯爱影片《第一次》于昨日在北京电影节上举行情歌告白会，导演韩延携女主角Angelababy、袁咏琳一同出席，同时宣布电影将有双主题曲：由Angelababy演唱、周杰伦和方文山这对乐坛黄金搭档倾力打造的《都要微笑好吗？》和周杰伦小师妹袁咏琳为赵又廷创作的另一首。t.cn/zOlTOx2 大连大脸猫 ?,,Android客户端,,,,,,
,,前世青年照 个人信息，周杰伦：这是我被黑最惨的一次 ?,,iPhone客户端,,,,,,
,,@天明和月儿终于又在一起了 @秦时明月官方微博 ?我正在收听周杰伦的歌曲《告白气球》 网页链接 （来自@QQ音乐） ?,,分享按钮,,,,,,
,,大概是从凌晨一点开始 一起听歌 什么也不干 慢慢的一起唱歌 后来变成给你听前奏你才周杰伦的歌名 不愧是狂热粉 一秒都没有 就猜出来了 然后一起唱歌唱到三点过将近四点 时隔很久听了很多周杰伦的老歌 仍然是一听就会心情很好的那种 突然开始幻想会不会有一天我会陪你去看周杰伦演唱会 ?,,HUAWEI nova 2s,,,,,,
,,#周杰伦新歌不爱我就拉倒#又一个凌晨 歌依然没发 算了睡觉 头发不多了 ?,,vivo X20全面屏手机,,,,,,
,,昆凌姐姐也喜欢周杰伦，而最终杰伦却娶了昆凌，或许这就是爱情！ 最火微视频... ?,,微博 weibo.com,,,,,,
,,昆凌看似温柔，其实脾气超级不好，周杰伦就只能宠着！ -落落菌MM... ?,,iPhone客户端,,,,,,
,,#周杰伦##算什么男人# 哎哟哥哥 ?,,,,,,,,
,,@罗志祥 打电话给周杰伦称呼baby，周杰伦后来的回复亮了！哈哈哈哈哈哈哈哈秒拍视频 ?,,,,,,,,
,,#周杰伦# 的演唱会上歌迷激情点播《一口气全念对》：我唱不好请你吃饭！ 歌神集的秒... ?,,微博网页,,,,,,
,,周杰伦《开不了口》喜欢就说出来，大不了朋友也做不成。反正我不缺朋友，我只缺你#周杰伦# 百听不厌音... ?,,微博网页,,,,,,
,,莫文蔚的阴天孙燕姿的雨天周杰伦的晴天都不如和我聊天 ?,,??的iPhone X,,,,,,
,,长沙站舞台搭建中……距离地表最强长沙站还剩5天！#周杰伦长沙演唱会# ?,,,,,,,,
,,苏打绿《小宇宙》青峰说这首歌是做梦做出来的，他梦见了周杰伦，周杰伦说他有一段编曲没有旋律，让青峰帮忙写，于是青峰在梦里写了主歌副歌，结果醒来之后居然还记得那段旋律，经过加工就变成我们听到的《小宇宙》。#苏打绿# 百听不厌音... ?,,微博网页,,,,,,
,,我是第1个申请创建周杰伦歌迷会超话的粉丝，还差7人就满足申请条件啦！大家快来戳这里→ 网页链接 帮我加快创建速度吧~ ?,,微话题,,,,,,
,,周杰伦成都演唱会场地被“嫌弃” 中国现代五项赛事中心“喊冤枉” |周杰伦成都... ?,,微博 weibo.com,,,,,,
,,周杰伦演唱会后遗症！看完演唱会后粉丝们居然在公车里做了这样的事情！#周杰伦2018地表最强演唱会# ps视频来自网络，感谢up主的分享 OurJay周杰... ?,,,,,,,,
,,#夜深推歌#我给你的爱写在西元前，深埋在米索不达米亚平原。周杰伦〈爱在西元前〉屌絲打分蜻... ?,,iPhone X,,,,,,
,,周董问蔡依林难不难过，蔡依林说有一点，周董：有空来我这里！ 周杰伦要的是公主，而蔡依林偏偏是女王???倒带吧 青春 ??#搞笑视频# 是江直树的... ?,,秒拍网页版,,,,,,
,,小朋友，你花那么多钱来看周杰伦演唱会到底是为了什么啊？你知道我多需要票么？ 幽默搞笑视... ?,,秒拍网页版,,,,,,
,,#唐嫣#出道15年的周董为15岁的TFBOYS创作的《剩下的盛夏》MV今日上线啦，此次MV由周杰伦的御用导演 ?,,微博 HTML5 版,,,,,,
,,周杰伦为别人创作的60首歌曲，每一首都那么好听，好多我竟然都不知道出自杰伦之手啊，马住了。  搞笑天才榜... ?,,微博 weibo.com,,,,,,
,,"今晚等不了十一点了，如果有搞事请大家艾特我，求！！！下面说一些自己的话，韩圈只有弹，韩圈之前只粉周杰伦和欧美博爱，博爱啥意思呢，就是只粉歌不粉人，全专喜欢就会去看演唱会和买专，歌不好听立刻路人，一线的基本都看过演唱会，最让我回味的就是queen B的伦敦和泰勒的【1989】这两场： ?
			...展开全文c",,微博 weibo.com,,,,,,
,,周杰伦篮球生涯的巅峰，乔丹科比魔术师詹姆斯结合体都挡不住，真的太逆天了…#NBA# ?,,微博 weibo.com,,,,,,
,,由闫妮母女主演的《我是你妈》片尾曲MV，母女俩翻唱周杰伦的《听妈妈的话》，“听妈妈的话，别让她受伤…”新浪电影的... ??,,iPhone客户端,,,,,,
,,文化部通知：所有第三方溢价票平台所销售的周杰伦演唱会高价门票将全部被下架。#周杰伦长沙演唱会# ?,,,,,,,,
,,我关注了周杰伦超话，小伙伴们快来加入周杰伦超话一起聊聊吧~戳这里→ |周杰伦 ?,,微话题,,,,,,
,,周杰伦《你听得到》现场版，周杰伦里面最爱的歌，愿我爱的你们能听到！没有人比我知道，你的温柔像羽毛#周杰伦# 百听不厌音... ?,,微博网页,,,,,,
,,"年轻时代周杰伦的《青花瓷》""大音希声""...英译:""昌南""（景德镇古称）。 |襄阳·万达 ?",,OPPO智能手机,,,,,,
,,#2018周杰伦长沙演唱会#有同学出512的看台票吗？？？求两张???♀? |长沙·湖南... ?,,iPhone客户端,,,,,,
,,#2018年周杰伦演唱会# 昆凌的姐姐偶像是周杰伦 然后偶像变妹夫…… 周杰伦音乐... ?,,荣耀8青春版 颜值担当,,,,,,
,,#周杰伦晴天#久违的，器乐团排练现场?? 木酱大人的... ?,,iPhone客户端,,,,,,
,,庾澄庆开的车，汪峰开的车，周杰伦开的车，简直是天壤之别！(同步自@新浪看点)|庾澄庆开的... ?,,手机新浪网,,,,,,
,,发布了头条文章：《周杰伦演唱会上直言：不知道蔡依林是谁》 |周杰伦演唱... ?,,微博 weibo.com,,,,,,
,,#2018周杰伦长沙演唱会# 求两张512看台的门票 有没有同学想出的 ?,,iPhone客户端,,,,,,
,,张家辉终于忍不住了：你们不要再叫我渣渣辉了让周杰伦告诉你#搞笑视频# 笑部长的秒... ?,,秒拍网页版,,,,,,
,,#园游会 周杰伦#    夏天来了   @Fi_sh是黄欣宇诶 ?,,iPhone 7 Plus,,,,,,
,,QRP2018美女在周杰伦演唱会怒说前男友杰伦一脸惊讶虫子爆料的...[抱抱_旧] ?,,微博 weibo.com,,,,,,
,,#二哔一周榜#来了！有你的爱豆吗？本周上榜明星：卜凡、李易峰、周杰伦、王源、陈伟霆。作为人气偶像，你们这么作真的好吗？我的偶像是... ?,,微博 weibo.com,,,,,,
,,#周杰伦长沙演唱会#  求票 380 580之间 谢谢 ?,,前置双摄vivo X9,,,,,,
,,这堪称大片的广告，集齐当时当红明星，周杰伦、F4、郭富城、陈冠希拍摄，青春的面孔，这阵容太豪华了 昔日点播的... ?,,,,,,,,
,,【1080P】周杰伦 - 告白气球原版MV#哔哩哔哩动画# 网页链接 ?,,哔哩哔哩,,,,,,
,,汪峰的车，周杰伦的车，薛之谦的车，简直是天壤之别！(同步自@新浪看点)|汪峰的车，... ?,,手机新浪网,,,,,,
,,老妈最近天天在弟弟耳边唠叨说：你都要小学毕业了，马上就要小升初考试了，能不能上点心，少玩点游戏！！！我一天都要听个几十遍，为了给弟弟鼓励，我也天天在他耳边说：周杰伦说了功成名就不是目的，让自己快乐才是意义，所以你高兴就好 ?,,柔光自拍vivo X7,,,,,,
,,我免费围观了 @苏群 的回答，问题价值 18.88 元，快来一起免费围观~ 微博问答 ?,,,,,,,,
,,#谜之微笑# 香港歌迷挑战周杰伦的《黑色幽默》，没点能耐还不好意思当粉丝了 瞬间笑趴了... ?,,秒拍网页版,,,,,,
,,那年的我啊，真的太美好，散着光芒。难怪你也会喜欢。周杰伦《园游会》 网页链接 @QQ音乐 ?,,iPhone客户端,,,,,,
,,周杰伦在刘德华面前变魔术......连自己都嫌烂#抽疯视频# #周杰伦# 最抽疯的视... ?,,微博 weibo.com,,,,,,
,,蔡依林/周杰伦《布拉格广场》 网页链接 @QQ音乐 ?,,iPhone客户端,,,,,,
,,#王俊凯王牌特工大使##王俊凯18岁karryon# 18岁成年礼生日会..小凯开场秀炫舞技，作为周杰伦的小迷弟，王俊凯选用周杰伦的《半兽人》《半岛铁盒》《夜的第七章》《一路向北》开场：动作帅气、节奏满点，气场炸裂.. ?,,微博 weibo.com,,,,,,
,,发布了头条文章：《近日，有网友在台北某餐厅偶遇周杰伦、昆凌 杰伦，新歌呐？》 |近日，有网... ?,,微博 weibo.com,,,,,,
,,#今日漫画# 甜哭！周杰伦花式宠爱昆凌，嫁给一个眼里只有你的人有多重要 ?,,微博 weibo.com,,,,,,
,,"爆笑解说：真正的抗日神剧，一个人干翻鬼子一个团，就问你怕不怕!————————————————————————————————————————————————————————————
			...展开全文c",,秒拍网页版,,,,,,
,,"姑娘找个男朋友吧，看你眼圈都黑成啥样了？————————————————————————————————————————————————————————————
			...展开全文c",,360安全浏览器,,,,,,
,,周杰伦如果咬字清晰的去唱一首歌是什么样的呢？一样好听！ 好运逗比的... ?,,秒拍网页版,,,,,,
,,《奔跑吧》昆凌爆料周杰伦喜欢变魔术，郑恺展现高超的拍照技术 ? 港台娱乐情... ?,,iPhone 6,,,,,,
,,"#周杰伦##梦想启动-周杰伦#《梦想启动》是周杰伦专辑《十二新作》中的歌曲，2012年12月27日在hit fm 首播，歌曲由周杰伦作曲，杰威尔音乐有限公司发行。钢琴前奏是与钢琴家郎朗合作弹奏拉赫曼尼诺夫第二钢琴协奏曲第一乐章。前奏钢琴：郎朗（弹奏拉赫曼尼诺夫第二钢琴协奏曲第一乐章）Come ?
			...展开全文c",,音乐皇帝Android,,,,,,
,,张家辉的普通话有多普通？周杰伦确认过眼神之后：你说广东话就可以了！渣渣辉松了口气：那十秒我仿佛度过了一个世纪YouTube上... ?,,微博 weibo.com,,,,,,
,,#周杰伦新歌不爱我就拉倒# 全家福 你最喜欢哪一首呢？ ?,,,,,,,,
,,[江南style] #周杰伦地表最强佛山演唱会#第一场点歌环节，女歌迷哭着说失恋了，杰伦说那就唱算什么男人好了。女歌迷说：“我想点超人不会飞，他很好的，我不要点算什么男人。我想跟他说，他以后身边是我还是别人，不管他会不会飞，他都是超人。”@我们爱听演唱会@周杰伦中文网JayCn@周杰伦资讯台.. ?,,微博 weibo.com,,,,,,
,,昨天竟然做梦梦到了周杰伦，还让他给我签名，他还签上瘾了，帮我把一本本子都签完了。#小猪嘟嘟# ?,,魅蓝 E2,,,,,,
,,#快乐大本营##何炅# 谢娜大本营首次秀魔术，周杰伦技痒再度PK！ 笑回十年li... ?,,OPPO R9s,,,,,,
,,崔始源台灣見面會開場唱周杰倫的說好的幸福  Teuksj_tin... ?,,iPhone客户端,,,,,,
,,#周杰伦##不愛我就拉倒# 有些人呐，单身二十多年了，连个对象都没等到…都不着急…周杰伦的新歌才等几个星期就着急啦？ ?,,OurJay官博iPhone客户端,,,,,,
,,朋友圈朋友苏梅岛偶遇周杰伦和昆凌羡慕中早知道我这次安排几天去苏梅岛好了，后悔啊啊啊啊啊 ?,,iPhone 7 Plus,,,,,,
,,我正在听周杰伦的歌曲《浪漫手机》（来自@酷狗音乐），你也来听听吧！网页链接 下雨天！耳机和公交车更配！ ?,,手机酷狗安卓版,,,,,,
,,"#用心分享##周杰伦，我想对你说# 周杰伦，你陪我长大，我陪你到老。杰伦的哪一首歌是你的青春？周杰伦音乐... cr.logo ??? ???@西南科大校团委实践部 @西南科大法学院团委社团部 @西南科技大学法学院科技部 @西南科大法学院团委办公室 @西南科大经管团委实践部 @法学院予曦志愿者团队 ?
			...展开全文c",,三星 GALAXY Note8,,,,,,
,,哎呀呀呀呀，我们居然跟天王周杰伦和天王嫂一趟航班来苏梅哦，杰伦还帮我扶了一下行李车，虽然带来口罩但是还是认出来了，只是要拍照求合影被经纪人制止，真是幸运幸福的一天 |泰国·苏梅... ?,,HUAWEI P10,,,,,,
,,母亲到成都支持周杰伦演唱会，周杰伦调侃与母亲撞衫(同步自@新浪看点)|母亲到成都... ?,,手机新浪网,,,,,,
,,发布了头条文章：《《这就是灌篮》嘉宾强大，周杰伦和李易峰要参加节目你期待么？》 |《这就是灌... ?,,微博 weibo.com,,,,,,
,,耗资上亿的3D全熄技术！邓丽君，周杰伦 同台演唱#永远的邓丽君# ?,,大屏幕,,,,,,
,,#不爱我就拉倒# 周杰伦，我爱篮球，运动让我更有热情和活力。#这就是灌篮# 将在@优酷 视频独播，敬请期待。 ?,,小米5X 拍人更美,,,,,,
,,#鹿晗#、王宝强、#周杰伦#肌肉大比拼 鹿晗简直天壤之别，真是男人身份女 |鹿晗、王宝... ?,,微博 weibo.com,,,,,,
,,昆凌姐姐也喜欢周杰伦，而最终杰伦却娶了昆凌，或许这就是爱情！ 爱拍视频的... ?,,秒拍网页版,,,,,,
,,#咪咕分享# #周杰伦，我想对你说# 周杰伦，你陪我长大，我陪你到老。杰伦的哪一首歌是你的青春？周杰伦音乐... cr.logo ?,,微博 weibo.com,,,,,,
,,张韶涵谈《亲爱的那不是爱情》周杰伦只用了10分钟！ 绿橙音悦台... ?,,秒拍网页版,,,,,,
,,昆凌穿粉衣晒小小周弹跳床，一个小细节让周杰伦醋意满满 |昆凌穿粉衣... ?,,微博 weibo.com,,,,,,
,,|不能说的秘...，#周杰伦# 小公举的电影，尤其是主题曲，特别牛 ?,,vivo智能手机,,,,,,
,,周杰伦演唱会上，兄Die这就是你人生的巅峰 ！！！我话不多就唱歌。。#搞笑视频# 司机发车了... ?,,秒拍网页版,,,,,,
,,《奔跑吧》昆凌爆料周杰伦喜欢变魔术，郑恺展现高超的拍照技术 ? 港台娱乐情... ?,,iPhone 6,,,,,,
,,#周杰伦上海演唱会##周杰伦地表最强上海站##周杰伦# 出周杰伦上海演唱会 6.16的980两张 价格私聊 ?,,Weibo.intl,,,,,,
,,小萝莉一哭成名，妈妈谎称“你爸爸是周杰伦”，把郭德纲乐翻了 飞笑的秒拍... ?,,秒拍网页版,,,,,,
,,面对演唱会保安打人，26年前的黄家驹给周杰伦狠狠上了一课！ 网页链接（分享自 @百度贴吧） ?,,百度贴吧,,,,,,
,,#创造101# 第一次公演，@创造101-香蕉娱乐强东玥 @创造101-芒果吕小雨 @创造101-拉近网娱张馨月 @创造101丑丑谈楚然 @创造101-三美娱乐国际焦曼婷 @创造101罗天舒 @创造101-蜜蜂少女队韩丹 演唱周杰伦《爷爷泡的茶》舞台，中国风【纯享版】... ?,,微博 weibo.com,,,,,,
,,哈哈哈哈哈哈哈哈哈哈周杰伦这次演唱会又出段子般的事了，哈哈哈哈哈这个小仙女太可爱了吧 #搞笑视频# 搞笑视频笔... ?,,秒拍网页版,,,,,,
,,发布了头条文章：《昆凌被拍和神秘男子穿“情侣装”，周杰伦留言醋坛子打翻》 |昆凌被拍和... ?,,微博 weibo.com,,,,,,
,,一首《告白气球》唱的好听极了，这应该是最好听的音乐了！@周杰伦 八小妞综艺... ?,,微博 weibo.com,,,,,,
,,小s: #周杰伦# 快点 帮我 擦干净.. 杰伦: 没 带纸啊。。。 原味爱豆的... ?,,微博网页,,,,,,
,,#园游会-周杰伦#  童话般的一天 ?,,Weibo.intl,,,,,,
,,"最近一些生活??手机上课在兜里震了一下被igor没收了 上课的风险真的比逃课多太多了 难受??在华联看到有卖柯基的 真的好可爱好想养啊 小短腿太他妈可爱了 以后一定要养一只!??最近真的很精致了 贼他妈爱泡澡 太舒服了 边泡边玩手机 在危险的边缘大鹏展翅
			...展开全文c",,iPhone X,,,,,,
,,周杰伦《等你下课》日文版，依旧是动人的旋律，深入人心。 奶罩都笑湿... ?,,微博 weibo.com,,,,,,
,,周杰伦说爱情就像龙卷风我认为这个比喻是很贴切的因为大多数人都和我一样一辈子也见不到一次龙卷风 ????,,微博 weibo.com,,,,,,
,,周笔畅超女总决赛演唱周杰伦的《黑色幽默》，一转眼已是12年了。再听的时候还是很怀念。 现场微音乐... ?,,,,,,,,
,,酷似周杰伦的健身教练Jordan Yeoh 最新视频，基本高强度家庭健身-适合所有初学者转 懒人健身宝... ?,,微博 weibo.com,,,,,,
,,十岁的 Justin 使用 Maschine 表演電子音樂版周杰倫雙節棍 音越动的秒... ?,,秒拍网页版,,,,,,
,,周杰伦福州，先票已到，低价加价，要的私聊#周杰伦福州站##周杰伦福州演唱会##周杰伦演唱会门票转让##周杰伦福州演唱会门票# |南昌·江西... ?,,iPhone客户端,,,,,,
,,爵士鼓小帅哥街头演奏周杰伦《告白气球》，传说中的“小鲜肉”！ 正在更新的... ?,,秒拍网页版,,,,,,
,,周杰伦《七里香》还记得那个被周杰伦感动的夏天嘛听到前奏响起，那一年的记忆都带着淡淡的香气悠悠飘来~MV超美，静静欣赏吧#昆凌情侣装 周杰伦醋意# #周杰伦# 音乐重度患... ?,,360安全浏览器,,,,,,
,,重温周杰伦《开不了口》和蔡依林同台演唱的《给我一首歌的时间》 音乐馆的秒... ?,,微博 weibo.com,,,,,,
,,张家辉的普通话有多普通？周杰伦确认过眼神之后：你说广东话就可以了！渣渣辉松了口气：那十秒我仿佛度过了一个世纪YouTube上... ?,,微博 weibo.com,,,,,,
,,青春的记忆《晴天》周杰伦2016福州演唱会 1fYouLoveM... ?,,前置双摄vivo X9,,,,,,
,,……等杰伦新歌的状态就这样#不爱我就拉倒##周杰伦不爱我就拉倒# ?,,QB哪的三星 Galaxy S7 Edge,,,,,,
,,"#福州身边事# 【福州大学女生翻唱周杰伦《说好的幸福呢》 好听】《说好的幸福呢》是钟兴民编曲，方文山作词，周杰伦作曲并演唱的歌曲，收录于周杰伦2008年10月14日发行的专辑《魔杰座》中，这首歌被称为2008年最遗憾的情歌，有着听歌者最容易触动心弦的旋律，下面的mv是福州大学刘禹盺翻唱周杰伦 ?
			...展开全文c",,iPhone 6s,,,,,,
,,//分享网易新闻:《成都文广新局:周杰伦演唱会如违规将依法依规处理》 |成都文广新... @网易新闻客户端 #网易新闻# ?,,iPhone客户端,,,,,,
,,周杰伦，所以我到底要不要回头？#2018年周杰伦演唱会# .#周杰伦长沙演唱会# ?,,,,,,,,
,,周杰伦无与伦比演唱会，当这个女孩出来，全场沸腾！满满的青春回忆…… 不要再叫我... ?,,秒拍网页版,,,,,,
,,发布了头条文章：《#昆凌#和别人穿#情侣装#，#周杰伦#吃醋，天王嫂瞬间哄好小公举》 |昆凌和别人... ?,,微博 weibo.com,,,,,,
,,那些年的深v什么的(?? . ??)周杰伦 #不爱我就拉倒#  ?,,OPPO R9 Plus,,,,,,
,,周杰伦 经典翻唱 《红豆 x 偿还》 周杰伦中文... ?,,秒拍网页版,,,,,,
,,"昆凌情侣装 周杰伦醋意别老盯着人家私下了求放过成都演唱会，暖心的杰伦：因为这边真的蛮远的 演唱会上也说这个场地太远了 下次我们一定要开到一个近一点的地方 其实我来的路上看到大家都蛮辛苦的 这些公安啊还有安保人员啊 维护秩序啊 然后在那个路上 我还看到有些人拍这个影片 来的路 ?
			...展开全文c",,老年杰迷的iPhone X,,,,,,
,,#不爱我就拉倒#  坐等官宣 周杰伦新歌不爱我就拉倒 不相信一切所谓“据说”“内部消息 ?,,360安全浏览器,,,,,,
,,发布了头条文章：《周杰伦成都演唱会，歌迷要搭乘电三轮，还得颠簸几公里现场像荒滩》 |周杰伦成都... ?,,微博 weibo.com,,,,,,
,,来个暴露年龄视频，杨幂和周杰伦一起拍过广告，你们看过吗？满满青春气息与回忆#周杰伦# 昔日点播的... ?,,,,,,,,
,,不爱我就拉倒！！周杰伦新歌马上要来了！！各位安静等待官宣20180504——jaychou：其实我早就唱好了 演唱会结束赶紧来跟雨勳大师咪歌做最后的final谢谢麦天王载我外带麻吉珍奶 不爱我就拉倒 不爱喝就跌倒 ? ???,,HUAWEI Mate 9,,,,,,
,,#周杰伦# 周杰伦新歌不爱我就拉倒倒放周杰伦青花瓷，前奏美爆了，没听过的快收藏吧#初夏良曲种草# 音乐盒子_B... ?,,,,,,,,
,,"有人说，你卖的牌子没听过，不是大品牌。我要告诉你的是：听过的牌子，无非是来自广告，并不代表你真的了解它们的产品。你相信李敏镐会骑雅迪电动车吗？你相信周杰伦喝2块钱的优酸乳吗你相信张柏芝骑大运摩托车吗？飘柔广告好，你真的见过梳子往下掉？康师傅泡面广告好，里面牛肉真那么大吗？
			...展开全文c",,OPPO超视野全面屏R15,,,,,,
,,我受够了等待，你所谓的安排，说的新歌到底多久才来#周杰伦不爱我就拉倒##不爱我就拉倒##周杰伦新歌# ?,,????的iPhone 6s,,,,,,
,,"#TFBOYS##TFBOYS三人同行# 王俊凯的粉丝可以为了王俊凯去喜欢杨幂和周杰伦，  王源的粉丝可以为了王源去喜欢朴信惠和林俊杰，  易烊千玺的粉丝可以为了易烊千玺去喜欢权志龙， ? 你们能为了自己的爱豆去接受别人，为什么你们就不能接受和他一路并肩走来的两个两个兄弟呢  ??? ?
			...展开全文c",,,,,,,,
,,《淘汰》现场版，周杰伦+陈奕迅，不同的嗓音，好听！ 秒拍视频 ?,,微博 weibo.com,,,,,,
,,#初夏良曲种草# 还记得每年这个时候被周杰伦支配的恐惧吗？不管等多少个星期，都愿意等你，谁叫你是周杰伦！#周杰伦长沙演唱会# 音乐班叶湘... ?,,,,,,,,
,,终于知道了周杰伦为什么一直不出来新歌，因为要衬托新歌也真是煞费苦心，周杰伦就故意让你们多等等，然后他就突然发行「不爱我就拉倒」。 ?,,公元999年&iPhone 7 Plus(黑色),,,,,,
,,#王俊凯#几年后，和男友走在大街上，突然看到李钟硕的海报，男友停下脚步问我：“你还喜不喜欢周杰伦？”我摇了摇头说：“不喜欢。”“我记得你以前不是超喜欢他吗？”“你记错了 我不追星”“那当初是谁追的我死去活来的 最后做了我的女朋友？”王俊凯笑了笑 牵起了我的手 ?,,iPhone客户端,,,,,,
,,九月你好 周杰伦 中国新歌声演唱《告白气球》 ?,,微博 weibo.com,,,,,,
,,昆凌的姐姐很喜欢周杰伦，没想到吧，偶像变妹夫 本仙女爱追... ?,,微博 weibo.com,,,,,,
,,天灰灰 会不会 让我忘了妳是谁……@乐不思蜀思宁德 @电子科技大学成都学院 我即将踏上远行道路……?我正在收听周杰伦的歌曲《世界末日 （Live）》 网页链接 （来自@QQ音乐） ?,,分享按钮,,,,,,
,,周杰伦夫妇最近是不是缺钱了 ?,,iPad Pro,,,,,,
,,#ninepercent蔡徐坤##贾乃亮#周杰伦B-BOX绝活之最经典《爱在西元前》演唱会版，一起来感受一下吧！ ?,,Android客户端,,,,,,
,,我对你的思念像底格里斯河般的蔓延@王凯kkw #陪王凯细水长流##王凯##王凯大江大河##王凯宋运辉# ?我正在收听周杰伦的单曲《爱在西元前》?网页链接（来自@QQ音乐） ?,,小皮卡的iPhone 6s Plus,,,,,,
,,超甜！翻唱达人KHS与Casey Breves和Jasmine Clarke合作，共同演绎周杰伦的经典甜曲《告白气球》，动听的钢琴搭配上温暖的歌声，满满的浪漫~#秒拍# 开眼精选视... ?,,微博 weibo.com,,,,,,
,,"昆凌与助手穿“情侣装” 周杰伦“吃醋”----------日前，昆凌在网上晒出一张照片，写道：“Anyone need pink workers？组装弹跳垫这么费劲”，照片中，昆凌头戴粉色帽，身穿粉色T恤，眼前刚组装好一个粉色弹跳垫。而身边的助理也身穿粉色T恤，两人简直是“情侣装”。周杰伦评论道：“我觉得这衣服 ?
			...展开全文c",,三星 GALAXY S6,,,,,,
,,"【昆凌与助手穿”情侣装“ 周杰伦回复醋意十足】日前，昆凌@HannahQuinlivan 在网上晒出一张照片，并配文写道：“Anyone need pink workers？组装弹跳垫这么费劲”。照片中昆凌扎马尾辫，头戴粉色帽，身穿一件粉色短袖T恤，眼前刚组装好一个可爱的粉色弹跳垫。而身边的助理也身穿粉色T恤，两人简直是“ ?
			...展开全文c",,微博 weibo.com,,,,,,
,,詹姆斯绝杀今年季后赛第二个压哨绝杀，骑士队系列赛3:0领先突然发现周杰伦原来给多伦多猛龙写过歌！！！“猛龙的时间，我们溜了多远……”音乐盒子_B... ?,,,,,,,,
,,当周杰伦的新歌《等你下课》遇上周杰伦的电影 一个平凡的... ?,,微话题,,,,,,
,,#精彩抢先看#今天周末，小汇来喊大家听歌啦~在今天的《精彩音乐汇》中你将听到@张韶涵 的《隐形的翅膀》、#周杰伦#的《告白气球》和@努力努力再努力x @黄渤 @William威廉陈伟霆 的《最好的舞台》等等，小伙伴们，一定不要错过今天的节目哦！ ?,,微博 weibo.com,,,,,,
,,不相信周杰伦是爸爸，女儿暴怒气哭骂妈妈被可爱的女儿萌到！ 飞笑的秒拍... ?,,秒拍网页版,,,,,,
,,周杰伦和五月天史诗般的合作！ 全球热门收... ?,,秒拍网页版,,,,,,
,,学钢琴三个月，最近学的周杰伦 音乐晓公举... ?,,秒拍网页版,,,,,,
,,发布了头条文章：《周杰伦成都演唱会主办方被约谈 如有违规行为依法处置》 |周杰伦成都... ?,,微博 weibo.com,,,,,,
,,#创造101# 【公演】强东玥队《爷爷泡的茶》，加入苏州小调别有一番风味@腾讯视频 开口四季歌，绝对加分，唱完便是琵琶的前奏，哇，这首真是这一期唯二之一让我记住的，无论是舞美还是服装设计还是歌曲改编，第一次get到周杰伦这首歌的现代中国风 【公演】强... ?,,腾讯视频安卓客户端,,,,,,
,,"我排着队拿到爱的号码牌！选座啦！！！2018周杰伦【地表最强2】世界巡回演唱会郑州站6月10号场，将于5月7日上午 11:58开始选座，选座时间为11:58-13:26，共45组，每组间隔2分钟，请根据自己的分组依次进组抢座！（注：若未能在13:26之前参与抢座，系统将自动配备哦）。具体可关注【大麦网郑州 ?
			...展开全文c",,微博 weibo.com,,,,,,
,,周杰伦《告白气球》醉人的巴黎塞纳河畔风光，还是那样酷酷的周杰伦就这样漫步在碎石路面上，为你吟唱出这样一首浪漫多情的告白情愫。周杰伦新歌《不爱我就拉倒》即将上线，期待#周杰伦不爱我就拉倒# 一句暖心的... ?,,Android客户端,,,,,,
,,周杰伦的歌真的是满满青春的记忆。 ?,,iPhone客户端,,,,,,
,,分享一个周杰伦跟舒淇早期一起主持的视频我伦：我觉得如果再这样主持下去 这节目可能结束了 不管不管我... ?,,,,,,,,
,,林书豪：You’re so annoying 周杰伦 lol!! 你太讨厌了哈哈！L周杰伦微博资讯的 ????,,微博 weibo.com,,,,,,
,,#2018周杰伦成都演唱会# @周杰伦资讯网官方微博 @周杰伦成都歌迷会官方微博 @OurJay周杰伦深圳歌迷会 心疼歌迷，场馆太远，下一次我们找一个近一点好吗？杰伦叮嘱小姐姐把影片拍下来，拿回去给麻麻看-听妈妈的话， 说好的小贝... ?,,iPhone 8（金色）,,,,,,
,,@JeremyLin林书豪 ins更新了一张自己肖像画#周杰伦# 评论:要不要我也幫你畫一張 @JeremyLin林书豪 :不用。你不知道真麽畫呢麼帥的突然想到杰伦春晚画的生肖狗了 ?,,,,,,,,
,,分享网易新闻 《成都文广新局:周杰伦演唱会如违规将依法依规处理》|成都文广新... 来自@网易新闻客户端 #网易新闻# ?,,小米手机5,,,,,,
,,周杰伦演唱会上，兄Die这就是你人生的巅峰 ！！！#搞笑视频# 搞笑新秀的... ?,,秒拍网页版,,,,,,
,,#昆凌情侣装 周杰伦醋意# 昆凌@HannahQuinlivan 与周董潮牌合伙人穿周董潮牌同款合影，没想到周杰伦却回复：“我也觉得这衣服不知哪里怪怪的”并带了一个若有所思的表情。哈哈哈，有啥办法，自家的衣服，你说能咋办 深度影娱圈... ?,,皮皮时光机,,,,,,
,,#长沙生活# 【你的爱豆是什么甜品呢？】咳咳！迷妹们注！意！了！代表老公们的9款甜品来了！易烊千玺，胡歌，周杰伦，陈伟霆，蔡徐坤，吴磊，吴亦凡，刘昊然，彭于晏！“老公和甜品更配”！小编为图8“温暖阳光的舒芙蕾”打call ！你的最爱是谁呢？！ ?,,iPhone客户端,,,,,,
,,#昆凌情侣装 周杰伦醋意# 昆凌@HannahQuinlivan 与周董潮牌合伙人穿周董潮牌同款合影，没想到#周杰伦# 却回复：“我也觉得这衣服不知哪里怪怪的”并带了一个若有所思的表情。哈哈哈，有啥办法，自家的衣服，你说能咋办 杰伦可真是实力宠妻。老婆的ins随时都有回复 扒音盒子精... ?,,,,,,,,
,,#昆凌情侣装 周杰伦醋意#一大早醒来我周又双叒叕被搬上热搜？第一澄清这不是助理是杰伦潮牌的合伙人第二澄清昆凌身上穿的是我周的衣服渣浪能不能远离私生活关注作品？断章取义标题党能不能做个人#周杰伦不爱我就拉倒# 新歌出来的时候热搜没有动静您原地爆炸司马了谢谢 ?,,守护Jay的Android,,,,,,
,,#周杰伦“病毒式”表白# 昆凌上节目公开周杰伦求婚细节，也是浪漫到炸啊！昆凌：我很冷诶，我想睡啦！周公主：不行啦，我们一定要去吃这顿饭，你随便乱穿去餐厅就好啦~傲娇如斯，不愧是我周公主啊！#昆凌情侣装 周杰伦醋意# 表白备忘录... ?,,微博 weibo.com,,,,,,
,,#周杰伦##林书豪# Ins更新肖像画，杰伦：要不要我也帮你画一张。@JeremyLin林书豪 ：不用，你不知道怎么画这么帅的照片还记得杰伦当年在春晚前一笔成喵的画作吗？林书豪的担心是对的 ?,,iPhone客户端,,,,,,
,,jay有种青春叫做：都是你的歌声陪伴长大的@周杰伦资讯网官方微博 @周杰伦中文网JayCn @周杰伦粉丝团官方微博 @周杰伦歌迷网官方微博 大脸猫lll... ?,,iPhone客户端,,,,,,
,,#周杰伦郑州演唱会# Vani丶的秒...收到票的小伙伴，我这里还有票，私聊我 ?,,大麦网官方iPhone客户端,,,,,,
,,周杰伦和五月天史诗般的合作！ 幽默搞笑视... ?,,秒拍网页版,,,,,,
,,【成都文广新局：周杰伦演唱会如有违规，将依法规处理】5月4日下午，针对&ldquo;2018周杰伦&lsquo;地表最强2&rsquo;世界巡回演唱会（成都站）&rdquo;举办单位在组织、管理、服务上存在不完善和不周到等问题，给正在积极打造音乐之都的 （分享自 @凤凰网娱乐） |成都文广新... ?,,分享按钮,,,,,,
,,#昆凌情侣装 周杰伦醋意#小周周学会周杰伦的口头禅：哎呦，不错哦！昆凌：要注意言行了！昆凌真的是很有素质的女明星，这样的细节，记者提问时，她都很认真的倾听！ 辰星综艺速... ?,,iPhone 6s,,,,,,
,,哈哈哈哈哈哈哈哈笑岔气了，台湾一萌妹子非常喜欢周杰伦，说了择偶标准之后，节目组就找了一个他认为很像杰伦又会唱歌的日本男生…东尼大木老师感觉是我伦被黑的最惨的一次 金逼镶钻·... ?,,一炮八万的iPhone 7(脑残粉),,,,,,
,,刘欢那英周杰伦陈奕迅同台演唱沧海一声笑，太有气势了 趣味无限大... ?,,微博 weibo.com,,,,,,
,,她是周杰伦捧红的艺人，与戴立忍恋爱12年，如今34岁变身文艺女神-徐越人 网页链接 ?,,iPhone客户端,,,,,,
,,#周杰伦福州演唱会门票#6.24  1980有8张连坐的，有意私聊。 ?,,大麦网官方iPhone客户端,,,,,,
,,……刚刚听周杰伦现场改编的歌曲合集，太好听了感叹了一句:卧槽李轻扬好帅绝望.jpg ?,,Weibo.intl,,,,,,
,,"#昆凌情侣装 周杰伦醋意#周杰倫珍貴視頻周杰倫 2014年魔天倫2 世界巡迴演唱會周杰倫(女聲) 成龍 合唱版 - 《明明白白我的心》兩人擁抱超級暖心吶～
			...展开全文c",,自拍大明星?美图M6s,,,,,,
,,昆凌情侣装 周杰伦醋意 昆凌为孩子准备弹跳垫与助理穿“情侣装”，周杰伦醋意十足，其实那并不是助理，是周董潮牌Phantaci合伙人，昆凌只不过是开个玩笑而已，大家有这个时间还不如了解一下周董的《不爱我就拉倒》 后裔射月不... ?,,iPhone客户端,,,,,,
,,会玩！周杰伦和周渝民假装打'架，陈'冠'希和言承旭连忙劝'架，太逗了 #搞笑视频# 搞笑年度排... ?,,秒拍网页版,,,,,,
,,发布了头条文章：《昆凌为儿子准备弹跳垫与人穿情侣装，周杰伦醋意回复15字》 |昆凌为儿子... ?,,微博 weibo.com,,,,,,
,,"#苏州爆料#在#创造101#公演中，由苏州小娘鱼强东玥领衔的小组表演了@周杰伦 的歌《爷爷泡的茶》，这首女团版的改编结合了周董原版的中国风，充满了少女气息，连导师@胡彦斌 都称赞说，在西湖边上，听到这一首这样中国风的歌，像喝了西湖龙井，意犹未尽。笑眼女孩强东玥将苏州小调融入在歌曲中，开口就 ?
			...展开全文c",,秒拍网页版,,,,,,
,,#周杰伦新歌不爱我就拉倒# 我牛都吹出去了，再不发歌我有点没面子 ?,,呵，iPhone 7,,,,,,
,,"#昆凌情侣装 周杰伦醋意#？？？这个夫妻之间的小情趣，也值得热搜一下？？ins就像他的朋友圈，可以不要发一条搬一条吗？既然上来了，我顺便问个事，那天成都演唱会唱双截棍的时候，周杰伦说哪边声音大，双截棍就往哪边扔，最后双截棍谁捡到了？？我本来当时想过去抢的 ?
			...展开全文c",,iPhone客户端,,,,,,
,,昆凌情侣装 周杰伦醋意偶遇周杰伦昆凌渣浪有完没完天天带周杰伦？？没完没了搬我伦ins，私人行程也关注！！新歌怎么不见热搜啊？？#周杰伦不爱我就拉倒# 了解一下啊！！！一起来看地表最强2成都站的航拍视频——【视频来源逍遥Franci... ???】 ?,,HUAWEI Mate 9,,,,,,
,,现在的造星也太容易了，想当年许嵩林俊杰周杰伦不都是有好多经典作品才出名的，许嵩当年真的是虎口夺食，得靠多少首经典作品才把我拉进坑的，相比现在的小鲜肉，上个综艺就能吸引那么多粉丝，没有任何作品都能火起来，搞不懂现在的年轻人的想法 ?,,iPhone客户端,,,,,,
,,昆凌情侣装 周杰伦醋意 偶遇周杰伦昆凌 渣浪能不能消停点啊  杰伦出新歌怎么不见天天热搜  说点别的吧 当初就是因为这首歌而喜欢上周杰伦的举手！????当年这首歌是很多人的入坑曲啊！你的是什么？？ 新歌#周杰伦不爱我就拉倒# 了解一下 ? 地表最强叶... ?,,华为手机,,,,,,
,,黄国伦遗憾错过周杰伦 林依轮钦点潘玮柏！ 搞笑视频共... ?,,卖肾换来的iPhone客户端,,,,,,
,,#不爱我就拉倒# @南拳媽媽彈頭 常州见面会透露：记得来听周杰伦演唱会，不听就拉倒，不爱我也拉倒，因为那个歌是我写的，好不好？所以新歌是要出来了吗？小公举来的... ???,,小米5X 拍人更美,,,,,,
,,@-杏仁很好吃- @MISSLiuNan @我想要对卧蚕然后美美的睡 我正在听周杰伦的歌曲《发如雪》（来自@酷狗音乐），你也来听听吧！网页链接 ?,,手机酷狗安卓版,,,,,,
,,周杰伦《等你下课》真人导演版MV出炉！节后上班第一天，听一首暖暖的歌#秒拍# 七里外的风... ?,,微博 weibo.com,,,,,,
,,网友澳洲偶遇周杰伦昆凌 穿拖鞋逛街悠闲随性 ?,,小米Note 3 拍人更美,,,,,,
,,【珍贵照片】2001年2月周杰伦新加坡机场照片。当时无人接机，几乎没有人关注他，行李都是自己拿，但是他就是这样从默默无闻一步步走向华语流行天王的！共勉！ ?,,iPhone X,,,,,,
,,偶遇鹿晗 偶遇周杰伦昆凌 偶遇雷佳音 偶遇罗志祥 偶遇偶遇 黄晓明 范丞丞 范冰冰 谢娜胖了 谢娜回归 张杰 威亚鼓表演 @周杰伦 @昆凌 @鹿晗 @邓超 @孙俪 北京厨房打... ?,,HUAWEI Mate 8,,,,,,
,,偶遇周杰伦昆凌 很羡慕的一对，我们的厨房打击乐专场表演承接全国各地商演@周杰伦昆凌 #周杰伦昆凌# @欧派家居集团 @欧派 北京厨房打... ?,,HUAWEI Mate 8,,,,,,
,,刘德华耿直回答周杰伦为啥当初不唱他写的歌“那时候你红了吗” ?,,即刻笔记,,,,,,
,,周董问蔡依林难不难过，蔡依林说有一点，周董：有空来我这里！ 周杰伦要的是公主，而蔡依林偏偏是女王???倒带吧 青春#搞笑视频# 网黄一只猪... ?,,秒拍网页版,,,,,,
,,网友偶遇一个跟周杰伦十分相像的路人，结果拍下来发到网上后一下子火了，说连眼神都和周杰伦的一模一样！你们感受一下 ?,,微博 weibo.com,,,,,,
,,昆凌的姐姐很喜'欢周杰伦，没想到吧，偶像变妹夫?#搞笑幽默事# 司机发车了... ?,,秒拍网页版,,,,,,
,,#疯狂婚礼季#【斗琴 电影lt;不能说的秘密gt;剪辑-周杰伦 高清MV-音悦台】斗琴+电影lt;不能说的秘密gt;剪辑-周杰伦+高清MV-音悦台。。。杰伦太有才了 t.cn/h4cGmC超屌吖 ?,,微博 weibo.com,,,,,,
,,妈妈骗女孩爸爸是周杰伦，哈哈哈小孩子好可爱 鬼才君的秒... ?,,微博 weibo.com,,,,,,
,,昆凌与助手穿情侣装 周杰伦15字回复醋意十足 ?,,微博 weibo.com,,,,,,
,,不相信周杰伦是爸爸，女儿暴怒气哭骂妈妈被可爱的女儿萌到！#搞笑趣事# 不良学姐的... ?,,秒拍网页版,,,,,,
,,初闻不知曲中意，再听已是曲中人? 周杰伦的《开不了口》 项羽爱虾说... ?,,秒拍网页版,,,,,,
,,好想再看一次周杰伦演唱会去年我是一个人跑去看的泪流满面 ?,,Android,,,,,,
,,周杰伦如果咬字清晰的去唱一首歌是什么样的呢？一样好听！ 全是幽默菌... ?,,秒拍网页版,,,,,,
,,突然想起来，初中的时候很羡慕班上的一个金牛座女孩，因为她失恋的时候一直在听星座书上，里面有一句“金牛座的我配不上你的好”，我觉得她好幸福喔，她就好像有自己的专属歌曲一样。但后来周杰伦直接出了一张魔杰座的专辑，然后我再也不用羡慕别人了。 ?,,,,,,,,
,,周杰伦为别人创作的60首歌曲，每一首都那么好听，好多我竟然都不知道出自杰伦之手啊 #秒拍# BOOZ音乐的... ?,,iPhone 6s Plus,,,,,,
,,"周杰伦地表最强2’世界巡回演唱会（成都站），第三方举办单位在组织、管理、服务上存在不完善和不周到等问题，引起众多粉丝不满：主办方声称周杰伦成都演唱会的门票早已卖完，但临到5月1日周杰伦当晚演出时，为什么“黄牛”手上又拿出了那么多门票出来倒卖？甚至还降价打折。这让真正想亲眼看到周杰伦 ?
			...展开全文c",,微博 weibo.com,,,,,,
,,#这就是街舞#周杰伦《摩天轮2》演唱会化身魔幻天王香港开唱，唱新歌疑似倒追昆凌难过岳父关。 ?,,微博 weibo.com,,,,,,
,,纯爱电影《第一次》在第二届北京国际电影节，导演韩廷携手主演Angelababy、袁咏琳亮相。公布的第一首主题曲《都要微笑好吗？》由乐坛天王周杰伦作曲、方文山作词，由饰演女主角宋诗乔的Angelababy演唱。 ?,,小米Note 3 拍人更美,,,,,,
,,娑婆世界的周杰伦走进了琉璃世界的周杰伦 你变了吗 但是我变了 ?,,Android客户端,,,,,,
,,"想起来上高二时候 周杰伦结婚那天 我正上课偷偷用同学手机上网 突然就看到周杰伦结婚的消息 那个瞬间心里就崩溃了 蹲在地上暴哭 哭了好久 好多同学以为我咋了 跑过来问我怎么了 当我说了我哭是因为周杰伦结婚之后 他们笑我 骂我傻子 说实在的 当时真的恨透了昆凌了 当时觉得周杰伦肯定是被昆凌勾引了 ?
			...展开全文c",,王俊凯送的iPhone 7,,,,,,
,,重新整理了一下周杰伦00年至今的专辑，感悟良多，总还有一些是没想到啊！ ?,,iPhone 7 Plus,,,,,,
,,“你喜欢听周杰伦，我一直唱着摇滚”@杜新杰DxJ @欧拉艺术空间 Passionsss... ?,,秒拍网页版,,,,,,
,,突然好怀念以前疯狂喜欢周杰伦的那段岁月???~ ?,,小米Note 3 拍人更美,,,,,,
,,#周杰伦不爱我就拉倒# 目前新歌还在筹备中，预计下下周发布好的东西要耐心等待 ?,,iPhone客户端,,,,,,
,,偶遇周杰伦昆凌#周杰伦# #romeo# 热搜能不能放过我们？偶遇偶遇 感觉全世界都在偶遇我周哼╯^╰我不嫉妒真的不嫉妒我没有我不是别瞎说 ?,,守护Jay的Android,,,,,,
,,我崩了，我没有看过偶像练习生，没看过101，没钱氪恋与制作人，不认识蔡徐坤，不认识陈立农，不认识今天首页一直在刷的女生。我的键盘皮肤和壁纸是周杰伦。我是个不懂当今综艺只会狗电竞的老年人了。 ?,,九岁买的Android,,,,,,
,,"时隔一年，#周杰伦# 地表最强成都站让我们又聚一起啦，这次虽然一起去的人不多，但是这次比以往的热情更多了。4月30日～5月2日！我们在相聚美丽的蓉城，度过了一个愉快的假期！感谢大家。感谢@韩韩韩_Ellen 韩哥找关系买的演唱会门票，感谢@Stray_Mine 杨总和@是继续可爱的生活阿 夏夏，让我们组了个小 ?
			...展开全文c",,33919iPhone 7,,,,,,
,,周杰伦“小公举“三个字果然不是白叫的 ?,,微博 weibo.com,,,,,,
,,开工大吉！祈福顺利！?? #周杰伦长沙演唱会# 我们长沙见！#周杰伦2018长沙演唱会# ?,,,,,,,,
,,#周杰伦新歌不爱我就拉倒#离这周结束还剩24小时，说好的发新歌呢，等到零点，不发拉倒 ?,,iPhone 6s,,,,,,
,,时隔16年，周杰伦的《开不了口》重新编曲，催泪大片感动来袭，你总说我不在意，其实我都放心里！ #谜之微笑# 贼逗了的秒... ?,,秒拍网页版,,,,,,
,,我张家港可真有钱去年错过周杰伦萧亚轩潘玮柏今年错过田馥甄林宥嘉蔡依林所以明年呢？林俊杰？听说哭倒一大片？然而我在学校宿舍……我真的不羡慕 ?,,iPhone客户端,,,,,,
,,周杰伦一言不合就翻跟头的少年…哈哈哈哈哈哈#偶遇周杰伦昆凌# ?,,,,,,,,
,,我周杰伦已经成为选秀曲库了，从土呕到土创，从快女到超男，从中国好声音到中国有嘻哈，我感觉我的本命的小眼睛在盯着我爬墙。 ?,,,,,,,,
,,明天爬山了，准备了上山的东西。晚上没吃烧烤，没出去上网，看了周杰伦的演唱会。安！ |上饶·冰溪... ?,,荣耀V9 我想要的快,,,,,,
,,华语流行音乐黄金时代集锦，林俊杰，蔡依林，罗志祥，S.H.E，王力宏，张韶涵，潘玮柏，王心凌，孙燕姿，梁静茹，F4，萧亚轩，飞儿乐队，李宇春，周杰伦，周笔畅……10分钟17首歌，值得收藏，时代的记忆。 历史全的秒... ?,,微博云剪,,,,,,
,,#宾水西道399号##晚安天工大# 工大周杰伦的歌声伴你晚安～在望星唱歌的小哥哥就是他哦@新博学长 |天津·天津... 天津工业大... ?,,华为P9手机摄影再突破,,,,,,
,,周杰伦《开不了口》网页链接 @QQ音乐 网页链接 ?,,QQ音乐,,,,,,
,,周杰伦《借口》现场版，多年以后经历过该经历的一切，才能深深体会到这首歌，真的是往人心里去的！#周杰伦# 百听不厌音... ?,,微博网页,,,,,,
,,#NINEPERCENT##nine percent粉丝见面会直播#  @超级農農 跳心愿便利贴也太可爱了吧！台湾腔很像周杰伦诶，喜翻了 纪甜菜的秒... ?,,iPhone客户端,,,,,,
,,"我们杰伦儿94这么有魅力，想当初我实习的时候，这位小姐姐并不是很喜欢周杰伦来着，看个音乐节目还只听翻唱嫌弃原唱（没错我说的就是最长的电影）然后有一天她的男票带她去看了一场演唱会以后从此就爱上了，前几天看她发朋友圈还说开车的时候也得听周杰伦的歌才觉得舒服，我终于可以对她说你知道我之前 ?
			...展开全文c",,iPhone客户端,,,,,,
,,粉丝一号群是图透群，每套写真均有图透w不过需要付费两元可进哦只是避免白嫖党和进了就退粉丝二号群直接输入密码周杰伦即可进群！因为之前被盗图过以防万一图透就不发二群啦～谢谢合作，不过我在两个群都有冒泡！欢迎来找我玩 ?,,卡莉斯塔的iPhone 6s Plus(玫瑰金),,,,,,
,,"2005年杰伦弹奏钢琴视频第16届金曲奖颁奖典礼上，周杰伦&宇豪钢琴合奏，全程舔屏！中间有惊喜哦【白衣黑琴、钢琴王子】周杰伦，你怎么辣么帅！！！ 我喜欢的样子你都有，你所有的样子我都喜欢看完视频平复一下激动的心情，杰迷们晚安喽 ?
			...展开全文c",,,,,,,,
,,#周杰伦地表最强成都站#点歌环节，女歌迷：我喜欢你很久了，每年来每年都会看，而且我有预感今晚会选中我！你的歌，我借的第一盘磁带，是我最爱的人借给我的！最后点歌《不能说的秘密》#不爱我就拉倒# 周杰伦歌迷... ???,,iPhone 8 Plus,,,,,,
,,#周杰伦##绝地求生##不愛我就拉倒 # 网友在绝地求生中用周杰伦语音包撩妹！大兄die，能告诉我在哪下载吗？ 视频中说是《很皮语音包》有兴趣的杰迷可以去下载》杰伦组织的... ?,,OurJay官博iPhone客户端,,,,,,
,,#情感#[打哈气] 周杰伦台北小巨蛋演唱会，坐在台下被镜头照到的萧敬腾装作一团雾水，然后默默的从口袋掏出了麦克风 ，两人合作了《阿飞的小蝴蝶》+《告白气球》 搞笑乐趣多... ?,,微博 weibo.com,,,,,,
,,周杰伦儿子首曝光！胖乎乎的好可爱啊，这个扶帽檐的姿势，周杰伦本伦了 ?,,微博 weibo.com,,,,,,
,,周杰伦问蔡依林难不难过，蔡依林说有一点，台下一直大喊抱一下！抱一下！那时候的周董还很瘦。?周杰伦要的是公主，而蔡依林偏偏是女王，再也回不去的青春。圈教主的秒... ?,,前置双摄vivo X9sPlus,,,,,,
,,"五月天《I Will Carry You》MV正式上线，阿信创作词曲，MV是曾与林俊杰、周杰伦合作的台湾创意工作室LUCKYSPARKS制作，这一次，五月天依然用充满年轻气息的词曲与激烈的摇滚曲风来颂扬团队的力量，急速而剧烈的鼓如同如火如荼的战斗节奏，阿信在录音棚中又挑战男声高Key唱着“这修罗场，并没有真相，只 ?
			...展开全文c",,微博 weibo.com,,,,,,
,,#恋爱多根筋##偶遇周杰伦昆凌##大S汪小菲一见钟情内幕#今天的微博有点甜呀?? ?,,iPhone客户端,,,,,,
,,时隔16年，周杰伦的《开不了口》重新编曲，催泪大片感动来袭，你总说我不在意，其实我都放心里！#搞笑视频# 爆笑搞事菌... ?,,秒拍网页版,,,,,,
,,下雨天一起聽周杰倫吧?#轨迹# |重庆·辻利T... ?,,iPhone X,,,,,,
,,周杰伦年度最感人巨作，整个青春都在这里 #搞笑视频# 爆笑搞事菌... ?,,秒拍网页版,,,,,,
,,#一个flag …以后我的婚礼bgm也要选周杰伦的 晴天/七里香 ?,,家电下乡的iPhone 7 Plus,,,,,,
,,#gai# sydney world square不要小看这块屏 在悉尼已经很大啦 张学友和周杰伦也都是用的这块嗨翻澳洲 让更多人知道你@GAI周延 GAI超级无... ?,,iPhone X,,,,,,
,,#睡前聊一聊# 时隔16年，周杰伦的《开不了口》重新编曲，催泪大片感动来袭。来说说你现在最想念谁？ @ ta 全球热门搜... ?,,微博 weibo.com,,,,,,
,,珍贵照片丨2001年2月周杰伦新加坡机场照片当时无人接机，几乎没有人关注他，行李都是自己拿，但是他就是这样从默默无闻一步步走向华语流行天王的！致敬！ ?,,三星 GALAXY Note8,,,,,,
,,#成都身边事# 这个五月没法听到周杰伦，有幸现场听到杨宗纬翻唱这首喜欢很久的「追梦人」也是挺不错的！很有力量！成都娱乐家... ???,,OnePlus 3,,,,,,
,,【实训十】网媒1602 向东 209这是一个网瘾少年改过自新、重新做人的成长历程。@张恒玺 @八个白雪公主 @丶茶山刘 @大家好我是周杰伦_ @我会去青岛的 @喔有时光机呀 昵称不可用... ?,,秒拍网页版,,,,,,
,,#周杰伦# 出营口道地铁口一抬头，跟周杰伦先生四目相对，太美妙了，第一次在天津看到这么大的周杰伦广告牌，今天我要pick周杰伦哥哥！ ?,,iPhone客户端,,,,,,
,,偶遇周杰伦昆凌  私人行程 望勿扰  哈哈 视频开始时周杰伦英语说的很666，其实都是老师一字一句教出来的…好可爱，哈哈哈哈哈哈哈 最后期待下#周杰伦不爱我就拉倒# 地表最强叶... ?,,华为手机,,,,,,
,,蔡依林走向周杰伦的那短短的几秒钟，感觉用了我的整个青春…… 笑死了二师... ?,,微博 weibo.com,,,,,,
,,【这是一个充满回忆的视频！】林俊杰，蔡依林，罗志祥，S.H.E，王力宏，张韶涵，潘玮柏，王心凌，孙燕姿，梁静茹，F4，萧亚轩，飞儿乐队，李宇春，周杰伦，周笔畅，10分钟17首歌，卧槽，太魔性了，每一首都代表着回不去的青春，视频有点长，建议先马再听！ 最热视频精... ?,,微博 weibo.com,,,,,,
,,偶遇周杰伦昆凌他俩一直都这样和和美美的啊，这个酷酷的girl了解一下还有，新浪太关注杰伦啦。分点注意力在别的地方吧。杰伦哥哥只想安安心心吃饭逛街顺带提醒一下杰伦哥哥，今天周六啦 ?,,无与伦比的Android,,,,,,
,,偶遇周杰伦昆凌#综艺与娱乐# 网友纽约偶遇周杰伦昆凌，穿情侣鞋牵手，画面超级恩爱 #娱乐情报##娱乐集中营# ??? 热爱大自然... ?,,热爱大自然Android,,,,,,
,,"#偶遇周杰伦昆凌#私人行程，不要过多关注五月一号成都演唱会的时候，中途突然下起雨，很多人包括我，都想站起来跑门口去买雨衣，当时大家都说门口有卖的，进来的时候看到了。在我站起来那一刻，看到周杰伦在台上淋雨唱歌，中间还用手抹了一下脸上的雨水，那一刻突然泪目，大概大家都看到，很多人 ?
			...展开全文c",,iPhone客户端,,,,,,
,,《给我一首歌的时间》 Jolin一开口把我的心都融化了。他们从青涩的少年少女，到如今的天王天后，谢谢你们出现在我的青春里——周杰伦，蔡依林！ 音乐追击令... ?,,360安全浏览器,,,,,,
,,#创造101# （周杰伦）《爷爷泡的茶》   C位：强东玥  组员：丑丑、罗天舒、焦曼婷、吕小雨、张馨月、韩丹（最开始由强东玥的苏州小调引入加了不少分。正式舞台里第一次出现中国风元素，鼓励一下。）【纯享版】... ?,,微博 weibo.com,,,,,,
,,一家具有南昌特色的餐厅，店老板肯定是杰迷#周杰伦2018地表最强演唱会# ?,,iPhone客户端,,,,,,
,,【在台北偶遇周杰伦昆凌】近日，有网友在台北某餐厅吃饭偶遇#周杰伦##昆凌# 夫妇。据悉，昆凌喜欢吃这家店的松饼小汉堡，于是杰伦就陪老婆来吃啦！ ?,,iPhone 7,,,,,,
,,#创造101# #焦曼婷# 《创造101》强东玥队表演周杰伦的歌《爷爷泡的茶》，开场苏州小调很加分！pick一下焦曼婷小姐姐腿受伤还坚持参加排练并且最终上场表演，还获得了胜利！ 金未来_昂... ?,,微话题,,,,,,
,,#偶遇周杰伦# 近日网友台北偶遇周杰伦，图中周董与太太昆凌吃饭逛街，真是满满的幸福 ?,,iPhone 7,,,,,,
,,快乐大本营，陈柏霖林允带来周杰伦作品《星晴》，唱出了不一样的味道，泥萌欢喜吗视频童姥的... ?,,iPhone 6s Plus,,,,,,
,,#宁波路边社# 【偶遇周杰伦昆凌】近日，有网友在台北某餐厅偶遇#周杰伦# 、#昆凌# 。照片中，周董穿着黑色外套戴着黑色帽子，大嫂则穿着粉色长款外套戴着粉色帽子，两人正在餐厅就餐。超甜蜜哇~  ?,,iPhone X,,,,,,
,,偶遇周杰伦昆凌 近日有网友在台北某餐厅偶遇周杰伦、昆凌 。周董穿着黑色外套戴着黑色帽子，大嫂则穿着粉色长款外套戴着粉色帽子，两人正在餐厅就餐。 ?,,iPhone 6s Plus,,,,,,
,,告白气球 练了很久很久的前奏……@GEM鄧紫棋 这是我被翻牌背景音乐也是我特别喜欢的一首歌 每次婚庆表演都会唱的歌……@GEM邓紫棋吧官博 @GEM_Queen_of_Hearts世界巡演 @地表最强周杰伦世界巡回演唱会 #邓紫棋queen_of_hearts世界巡回演唱会##邓紫棋##邓紫棋# 我被邓紫棋... ?,,iPhone客户端,,,,,,
,,上次是周杰伦婚礼，这次是周杰伦昆凌婚纱照拍摄，美美的，满满的幸福，无处不在！ 昔日点播的... ?,,传递快乐的iPhone客户端,,,,,,
,,日本音乐人翻唱周杰伦经典曲目《东风破》，以日本传统乐器伴奏，部分地方直接采用中文原词，听起来别有韵味樱花少女的... ?,,微博 weibo.com,,,,,,
,,"#连音社##连传洋# 2018.05.04 宽体站周杰伦【黑色毛衣】就是这首黑色毛衣，让我一下追了我伦十二年之久…还将持续下去…“一件黑色毛衣两个人的回忆”
			...展开全文c",,连音社迷妹iPhone X,,,,,,
,,#偶遇周杰伦昆凌#近日，有网友在台北某餐厅偶遇周杰伦 、昆凌。照片中，周董穿着黑色外套戴着黑色帽子，大嫂则穿着粉色长款外套，两人正在餐厅就餐。超甜蜜哇 ?,,HUAWEI Mate 9,,,,,,
,,周杰伦学坏了，想用脚绊倒助理大妮……????#周杰伦长沙演唱会# 周杰伦歌迷... ?,,iPhone客户端,,,,,,
,,有一种友（ji）情（qing）叫周杰伦与刘畊宏#2018年周杰伦演唱会# ?,,,,,,,,
,,蔡依林走向周杰伦的那短短的几秒钟，感觉用了我的整个青春。幽默大爆炸... ?,,皮皮时光机,,,,,,
,,"#王者荣耀# 这个狄仁杰勇气可嘉，太冒险了，很有爱，这样的队友给我来一打————————————————————————————————————————————————————————————
			...展开全文c",,360安全浏览器,,,,,,
,,《给我一首歌的时间》 Jolin一开口把我的心都融化了。他们从青涩的少年少女，到如今的天王天后，谢谢你们出现在我的青春里——周杰伦，蔡依林！ 音乐追击令... ?,,微博 weibo.com,,,,,,
,,周杰伦《半岛铁盒》网页链接 @QQ音乐  为什么这样子 网页链接 ?,,QQ音乐,,,,,,
,,周杰伦在刘德华面前表演魔术，连他自己都觉得烂！ 萌妹子的那... ?,,秒拍网页版,,,,,,
,,在厦门这么久才知道周杰伦在厦门开了一家餐厅～不过真的有创意，每道菜名都是他的歌名，味道也好～赞赞赞吃完体验了一下卡丁车～适合心情不好的时候来玩哈哈哈哈哈哈哈 |厦门·厦港... ?,,iPhone X,,,,,,
,,"中国最屌女司机霸气！————————————————————————————————————————————————————————————
			...展开全文c",,360安全浏览器,,,,,,
,,有没有人转让5月26号周杰伦常州演唱会的门票要票面1280的 ?,,iPhone客户端,,,,,,
,,"不得不说这个怼的是真的舒服！————————————————————————————————————————————————————————————
			...展开全文c",,360安全浏览器,,,,,,
,,刘畊宏婚礼上的周杰伦，演唱《不能说秘密》改编成“以前觉得他是一个gay”#周杰伦长沙演唱会# 音乐班叶湘... ?,,,,,,,,
,,"恶搞小伙伴！这是友尽的节奏吗？————————————————————————————————————————————————————————————
			...展开全文c",,360安全浏览器,,,,,,
,,"就这智商还挡路？？？哈哈哈哈，干得漂亮！————————————————————————————————————————————————————————————
			...展开全文c",,360安全浏览器,,,,,,
,,"雨中的你真的好美————————————————————————————————————————————————————————————
			...展开全文c",,360安全浏览器,,,,,,
,,蔡依林走向周杰伦的那短短十秒钟，感觉用了我的整个青春。 头号患者的... ?,,UC浏览器电脑版,,,,,,
,,#周杰伦新歌不爱我就拉倒# 周杰倫珍貴視頻周杰倫香港演唱會Live版《償還》，杰倫哥哥的聲音好溫柔，迷上了，迷上了～#每天都要听周杰伦#  周杰伦资讯... ?,,自拍大明星?美图M6s,,,,,,
,,"宝贝说得没毛病啊，哈哈哈哈哈这表情太丰富了！————————————————————————————————————————————————————————————
			...展开全文c",,360安全浏览器,,,,,,
,,莫文蔚的阴天孙燕姿的雨天周杰伦的晴天都不如和我聊天 ? |广汉·北外... ?,,HUAWEI nova 3e,,,,,,
,,昆凌没怀孕在家太孤独，出去当街玩自拍，成都的周杰伦却吃醋了(同步自@新浪看点)|昆凌没怀孕... ?,,手机新浪网,,,,,,
,,"昆凌今日在社交网站上晒出一张照片，照片中昆凌扎马尾辫，头戴粉色帽，身穿一件粉色短袖T恤，眼前刚组装好一个可爱的粉色弹跳垫，看来是给儿子小小周用来玩的，而昆凌身边的助理也身穿粉丝T恤，两人简直是“情侣装”，有些辣眼周杰伦随后写道：“我也觉得这衣服不知哪里怪怪的”带了一个若有所思 ?
			...展开全文c",,微博 weibo.com,,,,,,
,,又到周五啦！湖南卫视《歌手》已经结束，但音乐不会散场。万和&#连音社#会定期推出大家喜爱的歌曲，本次#连音社# 将周杰伦的《安静》重新演绎，快让你的耳朵尝尝鲜吧~ 万和电气的... ?,,微博 weibo.com,,,,,,
,,"转赞后 @疯姿秀美妆 获取！ ————————————————————————————————————————————————————————————
			...展开全文c",,360安全浏览器,,,,,,
,,#娱乐急先锋# 昨天，有网友在台北偶遇#周杰伦# 、#昆凌#在某餐厅甜蜜用餐，周杰伦一身黑帽黑衣，昆凌则是粉红系搭配。从这位网友向朋友分享的语气就看得出很开心啦，我怎么就没这种运气？？？你们有木有偶遇自己爱豆的经历呢？？？ ?,,微博 weibo.com,,,,,,
,,周杰伦：有吉他我就唱，没想到真有歌迷带了吉他。太狠了哈哈哈哈哈  #2018年周杰伦演唱会# 周杰伦音乐... ?,,,,,,,,
,,"有人说，你卖的牌子没听过，不是大品牌。我要告诉你的是：听过的牌子，无非是来自广告，并不代表你真的了解它们的产品。你相信李敏镐会骑雅迪电动车吗？你相信周杰伦喝2块钱的优酸乳吗你相信张柏芝骑大运摩托车吗？飘柔广告好，你真的见过梳子往下掉？康师傅泡面广告好，里面牛肉真那么大吗？阿 ?
			...展开全文c",,前后2000万 OPPO R11,,,,,,
,,【在台北偶遇周杰伦昆凌】近日，有网友在台北某餐厅吃饭偶遇#周杰伦# #昆凌# 夫妇。据悉，昆凌喜欢吃这家店的松饼小汉堡，于是杰伦就陪老婆来吃啦！ ?,,微博 weibo.com,,,,,,
,,周杰伦在刘德华面前变魔术......连自己都嫌烂 全球奇葩事... ?,,微博 weibo.com,,,,,,
,,偶遇周杰伦昆凌 近日有网友在台北某餐厅偶遇周杰伦、昆凌 。周董穿着黑色外套戴着黑色帽子，大嫂则穿着粉色长款外套戴着粉色帽子，两人正在餐厅就餐。 ?,,,,,,,,
,,#会火娱乐快报# 【偶遇周杰伦昆凌】近日，有网友在台北某餐厅偶遇#周杰伦# 、#昆凌# 。照片中，周董穿着黑色外套戴着黑色帽子，大嫂则穿着粉色长款外套戴着粉色帽子，两人正在餐厅就餐。超甜蜜哇~  ?,,微博 weibo.com,,,,,,
,,常州网直播中！南拳妈妈来了！高颜值，好音乐，就等你来！网页链接 @陈羽緁-南拳媽媽 @曹景豪-南拳媽媽 @洪言翔-南拳媽媽 @南拳媽媽彈頭 @南拳妈妈内地后援会 @周杰伦粉丝团官方微博 ?,,微博 weibo.com,,,,,,
,,yezi55#运动就是坚持#09854【厉害了:物理老师用铜线、磁铁弹奏《菊花台》】江西师大的物理老师仅用铜线、磁铁演奏周杰伦歌曲《菊花台》！网友笑称，真是物理界最会弹琴的，弹琴界物理最好的！厉害了word物理老师！吐槽社的秒... ?,,微博 weibo.com,,,,,,
,,周杰伦高雄站，Bbox版《青花瓷》 周杰伦微速... ?,,,,,,,,
,,励志短片《自行我路》，周杰伦，陈冠希，古天乐，吴建豪主演。“不断挑战自己，大胆创新自己的生活，生命会变得更有意义。” 电影馆长的... ?,,微博 weibo.com,,,,,,
,,#周杰伦#成都演唱会上，这位妹子和杰伦唠嗑不停，成都妹子就是霸气~哈哈！好逗！最后送上一首晴天大合唱！via: 首席音乐官... ?,,小米6 拍人更美,,,,,,
,,"发布了头条文章：《让粉丝走3公里土路, 观众席没座椅, 广电将严查#周杰伦#演唱会》 |让粉丝走3... ?",,微博 weibo.com,,,,,,
,,这是周杰伦唯一想要拿回来自己唱的一首歌，太好听了！ 飞笑的秒拍... ?,,秒拍网页版,,,,,,
,,当初就是因为这首歌而喜欢上周杰伦的举手！????当年这首歌是很多人的入坑曲啊！#2018年周杰伦演唱会#???,,iPhone客户端,,,,,,
,,周杰伦在北大百年讲堂的演讲：从方文山到吴宗宪到刘畊宏，全程没有鸡汤，接地气，很真实，始于颜值，陷于才华，忠于人品，人生只要坚持你的初衷梦想，每个人都可以不平凡，满满正能量  ?,,大屏幕,,,,,,
,,#燕赵美景大家拍# 【耳朵的福利！高校网红合唱团出新歌，这次登台唱周董】5月4日，走红网络的河北师范大学合唱团再次登台献唱，这次带来不少新歌，有周杰伦的《菊花台》、张韶涵的《隐形的翅膀》等。一手video... ?,,,,,,,,
,,周杰伦《世界末日》现场版，一架钢琴，一段叙述，一个人演绎。说尽心中无限事音乐少女st... ?,,微博 weibo.com,,,,,,
,,周杰伦为别人创作的60首歌曲，每一首都那么好听，好多我竟然都不知道出自杰伦之手啊 #秒拍# BOOZ音乐的... ?,,iPhone 6s Plus,,,,,,
,,我关注了周杰伦超话，小伙伴们快来加入周杰伦超话一起聊聊吧~戳这里→ |周杰伦 ?,,微话题,,,,,,
,,闫妮、邹元清母女档主演的《我是你妈》发片尾曲MV，母女俩翻唱周杰伦《听妈妈的话》。 每日电影头... ?,,微博 weibo.com,,,,,,
,,"周杰伦 巡演场次5.11-12 长沙5.19 金华 5.26-27 常州6.9-10 郑州6.15-18 上海6.23-24 福州
			...展开全文c",,iPhone X,,,,,,
,,我免费围观了 @褚明宇 的回答，问题价值 2698.00 元，快来一起免费围观~ 微博问答 ?,,,,,,,,
,,周杰伦在美国街头自弹自唱，吸引了好多路人围观，不愧为鬼才～ 好司机i的... ?,,,,,,,,
,,#周杰伦# 周杰伦现场版《蒲公英的约定》和你有过一起长大的约定 只不过后来的我们 没有了我们 贰贰贰勇的... ?,,秒拍网页版,,,,,,
,,#2018年周杰伦演唱会# 2010年周杰伦超时代香港演唱会电音版《黑色毛衣》基操勿6皆坐 周杰伦音乐... ?,,,,,,,,
,,#李圣杰#惊现#周杰伦#演唱会，一首《安静》惊呆周杰伦！果然有才华的人都是惺惺相惜的！超级好听@歌手李圣杰 超静Icy的... ?,,iPhone 6s,,,,,,
,,迷妹为看周杰伦演唱会门票掉入连环套，被骗18000。ps:告诫所有杰迷买票务必通过正规渠道，不要让骗子有机会行骗。 1fYouLoveM... ?,,前置双摄vivo X9,,,,,,
,,知道为啥 总是 抢不到周杰伦演唱会门票吗(真相 在这里。。。#哔哩哔哩动画# 网页链接 ?,,哔哩哔哩,,,,,,
,,发布了头条文章：《周杰伦成都演唱会惨变土味野迪现场 承办方被约谈》 |周杰伦成都... ?,,微博 weibo.com,,,,,,
,,发布了头条文章：《7个昆凌中，只有一个是假的，据说周杰伦都不一定找的出！》 |7个昆凌中... ?,,微博 weibo.com,,,,,,
,,#周杰伦长沙演唱会#求5月12日门票一张，谢谢 ?,,iPhone客户端,,,,,,
,,#周杰伦地表最强成都站# 歌迷点歌《白色风车》现场版超好听我陪你走到最后，能不能不要回头你紧紧的抱住我，说你不需要承诺我不懂你说什么，反正不会松手#周杰伦2018演唱会# 周杰伦歌迷... ???,,iPhone 8 Plus,,,,,,
,,渣渣辉的普通话有多普通 ？周杰伦确认过眼神之后说:“你讲广东话可以了” 渣渣辉：那十秒我仿佛度过了一个世纪#秒拍# 娱乐圈扒姑... ?,,微博 weibo.com,,,,,,
,,老是感觉在周杰伦的电影不能说的秘密里就听过当然了我也知道这支本来就是很经典很好听的曲子只是我真的会不自觉听着这首曲子想起不能说的秘密里周杰伦与黄秋生跳探戈的那场戏黄秋生一脸享受的表情那真的是跟这首曲儿还挺搭 ?,,荣耀V10 我AI的快,,,,,,
,,我免费围观了 @褚明宇 的回答，问题价值 1698.00 元，快来一起免费围观~ 微博问答 ?,,,,,,,,
,,"借用一下虹猫蓝兔这篇文章我们这一代长大的人，曾经喜欢过的东西，都被一次又一次地诋毁过。比如我们喜欢的小龙女是刘亦菲，但有人偏偏一定要你承认李若彤更美。比如我们喜欢的歌星是周杰伦，但偏偏有人一定要你承认四大天王更好听。
			...展开全文c",,HUAWEI P10,,,,,,
,,"五月天《I Will Carry You》MV正式上线，阿信创作词曲，MV是曾与林俊杰、周杰伦合作的台湾创意工作室LUCKYSPARKS制作，这一次，五月天依然用充满年轻气息的词曲与激烈的摇滚曲风来颂扬团队的力量，急速而剧烈的鼓如同如火如荼的战斗节奏，阿信在录音棚中又挑战男声高Key唱着“这修罗场，并没有真相，只 ?
			...展开全文c",,微博weibo.com,,,,,,
,,#不爱我就拉倒# 哈喽大家好，我是周杰伦！喜欢篮球的朋友们，喜欢三对三斗牛的朋友们，接下来要注意哦，我会和我的哥们NBA篮网队的林书豪一起加入《这就是灌篮》。又多一个节目可以看了，期待吗#周杰伦演唱会# 周杰伦歌迷... ???,,iPhone 8 Plus,,,,,,
,,周杰伦《你听得到》网页链接 @QQ音乐最近疯狂听你的歌 网页链接 ?,,QQ音乐,,,,,,
,,#偶遇周杰伦昆凌# 你们看看Apple music的排行等你下课发行快四个月了依然在第一告白气球怕是金刚球又回到第四了大家真的真的很饥渴啊#周杰伦不爱我就拉倒# 马上出生啦 ?,,杰伦用过的iPhone 6s Plus,,,,,,
,,"声临其境赵立新用八种语言配音，实力演绎他也是第一个考入瑞典国家大剧院的中国演员看看他配音的功夫熊猫片段！————————————————————————————————————————————————————————————
			...展开全文c",,360安全浏览器,,,,,,
,,不相信周杰伦是爸爸　女儿暴怒气哭骂妈妈被可爱的女儿萌到！（Cr：严亦舒） 正在更新的... ?,,微博 weibo.com,,,,,,
,,周杰伦演唱会上，兄Die这就是你人生的巅峰 ！！！#搞笑视频# 我的损友嘴... ?,,秒拍网页版,,,,,,
,,蔡依林走向周杰伦的那短短十秒钟，感觉用了我的整个青春 娱乐半仙的... ?,,微博 weibo.com,,,,,,
,,一首周杰伦经典歌曲《晴天》，那个时候周杰伦好腼腆好青涩，前奏一响，仿佛回到了那个读书年代，满满的回忆。 好运逗比的... ?,,秒拍网页版,,,,,,
,,周杰伦袁咏琳杨瑞代《阳光宅男》现场版，有着轻快曲风下的一种男生情怀~好听哦！#周杰伦# 首席音乐官... ?,,微博网页,,,,,,
,,@周杰伦的鞠躬小乔巴 。， 一。。 拉屎 一 一样 把 ????з?? ??????和自己恋爱 二1一下拉三三拉 三：点：： 拉我 三一个二维码一下三一 一样1一 网页链接 ?,,vivo智能手机,,,,,,
,,"【燃！燃！！燃！！！电音版的大圣战歌！】致敬华夏第一战神！永远的齐天大圣---孙！悟！空！ ————————————————————————————————————————————————————————————
			...展开全文c",,360安全浏览器,,,,,,
,,周杰伦这首《霍元甲》和李连杰简直绝配 1fYouLoveM... ?,,前置双摄vivo X9,,,,,,
,,一大波路透照来袭！昆凌录跑男，周杰伦场外全程陪护。近日，《奔跑吧》最新一季节目在维也纳录制，#昆凌#以嘉宾形式参与录制，穿粉外套超减龄。网友也意外偶遇#周杰伦#，周董全程陪伴老婆录节目，超暖心期待节目的播出！ ?,,微博 weibo.com,,,,,,
,,沈月 稻香 #沈月# 在五四晚会上，演唱#周杰伦# 的《#稻香#》可谓是人美歌甜的小姐姐呀[ 张慧君是个... ?,,接广告的vivo,,,,,,
,,你们所不知道的周杰伦，私底下做了这么多公益好事。 1fYouLoveM... ?,,前置双摄vivo X9,,,,,,
,,"喜欢李荣浩 周杰伦 喜欢王子异 小鬼 蔡徐坤 陈立农喜欢朴宝剑 朴海镇喜欢金泫雅喜欢张子枫喜欢山田直美喜欢橄榄妹
			...展开全文c",,Android,,,,,,
,,【沈月携厦门六中的水杯伴奏表演《稻香》】#沈月#在五四晚会上用女性的柔美表演周杰伦的《稻香》，更是引入了非常火的厦门六中学生独创的拍水杯，桌子伴奏表演稻香，独树一帜，让人耳目一新，沈月人美歌甜，难怪你要红，鉴定完毕 娱乐综艺达... ?,,微话题,,,,,,
,,我免费围观了 @褚明宇 的回答，问题价值 1698.00 元，快来一起免费围观~ 微博问答 ?,,,,,,,,
,,高能少年团：哈哈哈，王俊凯炫耀与周杰伦合影，这小表情开心的~#综艺大咖秀# 思密达的团... ?,,微博网页,,,,,,
,,我正在爱奇艺看霸道帝少惹不得，快来 @爱奇艺 一起看！网页链接 @周杰伦是我邵爺 ?,,OPPO R9s,,,,,,
,,于文文翻唱周杰伦的《稻香》， 段子手薛突然发现于文文有三个喉结，老薛你这是搞事情呀#明星那点事# 小曹蜀黍的... ?,,,,,,,,
,,时隔16年，周杰伦的《开不了口》重新编曲，催泪大片感动来袭，你总说我不在意，其实我都放心里！ 墙角社的秒... ?,,秒拍网页版,,,,,,
,,日前，在#周杰伦# 香港演唱会的点歌环节，一位幸运被选中的男歌迷现场直接“表白”周杰伦：“我想说我没有办法嫁给你，那我就 ……”。居然还有这种操作？是真爱没跑了！ #秒拍# 娱乐日爆社... ?,,微博 weibo.com,,,,,,
,,"黄渤这段戏把人看哭，为了女人豁出命，够爷们!————————————————————————————————————————————————————————————
			...展开全文c",,360安全浏览器,,,,,,
,,"汪星人：我主人可能是个智障 ————————————————————————————————————————————————————————————
			...展开全文c",,360安全浏览器,,,,,,
,,#不爱我就拉倒# 喜欢篮球的朋友们，喜欢三对三斗牛的朋友们，接下来要注意哦，我会和我的哥们NBA篮网队的林书豪一起加入《这就是灌篮》，期待吗#2018周杰伦长沙演唱会# 周杰伦歌迷... ?,,iPhone 8 Plus,,,,,,
,,温柔杀！闫妮跟女儿亲密演绎《听妈妈的话》，光看个预告就被看哭了，周杰伦的歌被翻唱后又是一番滋味，深情、好听。观影建议：带上妈妈，带上纸巾 电影派Mr的... ?,,微博 weibo.com,,,,,,
,,我用 @VUEvideo 拍摄了一部短片 @周杰伦歌迷网官方微博 @地表最强周杰伦世界巡回演唱会 Liner--琳... ?,,VUEVideo,,,,,,
,,你用钢琴 我用葫芦丝也能吹出这个旋律呐呐 安静 么么哒 @周杰伦资讯网官方微博 @周杰伦歌迷网官方微博 @周杰伦微博资讯 @周杰伦中文网JayCn JeeMartin-... ?,,iPhone客户端,,,,,,
,,周杰伦怎么了？为什么昆凌会来参加奔跑吧兄弟？(同步自@新浪看点)|周杰伦怎么... ?,,手机新浪网,,,,,,
,,周杰伦演唱会现场演唱《晴天》，唱哭你的不是声音不是歌词、不是舞台、不是音响、不是人潮涌动，是那些回不去的年少时光。音乐台风天... ?,,微博 weibo.com,,,,,,
,,发布了头条文章：《成都文广新局:周杰伦演唱会如违规将依法依规处理》 |成都文广新... ?,,微博 weibo.com,,,,,,
,,周杰伦歌迷点歌《珊瑚海》，爱情可以是鱼和鱼，鸟和鸟，但是那都是普通的爱情，轰轰烈烈也可以是爱情，比如鸟和鱼。鸟和鸟永远就只是鸟了，鸟和鱼就是多一种可能性，这种可能性不应该被抹杀，伟大的爱情大多是异类之间，或不同族类之间 这种一般坚持下来的都是真爱。#周杰伦# 百听不厌音... ?,,微博网页,,,,,,
,,"【鞋友们要是能有这样的团结，鞋市必健康！这次倒卖周杰伦成都演唱会的黄牛们哭了】#周杰伦成都演唱会#门票由于黄牛一直炒作加价，导致成都演唱会门票崩盘，这是历史上第一次周杰伦演唱会门票打折处理，不是因为周杰伦不火了，而是因为歌迷朋友们不愿意买高价黄牛票而导致的。听说成都场黄牛票全烂手里 ?
			...展开全文c",,iPhone X,,,,,,
,,"周董实力宠妻，《跑男》全程陪同？怪不得郑凯这表情！护妻狂魔在娱乐圈已经屡见不鲜，毕竟是娱乐圈是一个大染缸，老公陪老婆录节目这种事真是太常见啦，近期的的跑男周董全程陪护，昆凌真是小公主般的婚姻了，我一个外人看着真是羡慕的不得了~近期的《跑男》中，天王嫂昆凌也有参加，看到昆凌嫂子 ?
			...展开全文c",,iPhone客户端,,,,,,
,,#全民K歌#>>《等你下课(with 杨瑞代)》-L刘以锋>>网页链接 (来自@全民K歌)@周杰伦歌迷网官方微博 @周杰伦中文网JayCn @周杰伦资讯网官方微博 ?,,iPhone客户端,,,,,,
,,"几年前在地方台的小节目里说“我想像周杰伦那样成为全能型歌手”的时候，屏幕前当真的有几个人呢。后来红遍全网，雪花一样的通告伴随着质疑、谩骂，还有抻筋动骨的飞速长大，说要写歌要创作，谁都当这许诺是对外营业的花架子。十五岁生日会那天的眼泪是怎么汹涌而至又倏然滑落，到现在都还清晰记得， ?
			...展开全文c",,OPPO R9s,,,,,,
,,周杰伦成都站的演唱会现场，哈哈哈哈哈哈哈哈哈哈哈怎么肥四 ?,,即刻笔记,,,,,,
,,苏掌柜的旅行日记的视频《2017全球总决赛开场《Legends Never Die》周杰伦/钢琴）存个档 网页链接 (@网易云音乐) ?,,网易云音乐,,,,,,
,,TF家族将军令霍元甲是台湾男歌手吴克羣周杰伦的经典歌曲，不过@TF家族新生-马嘉祺 台湾女歌手蔡依林的特务J也很不错，是另一种风格！都是我这一代的记忆啊！嘉祺赞歌AH...视频来源@嘉祺赞歌AHymnForYou ?,,?しばけんAndroid,,,,,,
,,"【那些年 周杰伦MV里出现过的车】周杰伦的MV里有好多经典车。比如他给外婆写过一首歌，“载着外婆开着拉风的古董车兜兜兜风。”外婆拉风之余，也要听妈妈的话，常回家看看，周杰伦在《稻香》MV中，让男主角开着BMW 2002回乡下老家看望母亲，也是时尚时尚最时尚了。第一时间的... 综上，杰伦可能 ?
			...展开全文c",,微博 weibo.com,,,,,,
,,面具倫來咯~@MRJ台灣官方 @浩克Hulk @周杰倫國際後援會網 @周杰伦辽宁地区歌迷会 |沈阳·沈阳... romeoj_37... ?,,iPhone客户端,,,,,,
,,周杰伦《发如雪》网页链接 @QQ音乐 一首很好听的中国风歌曲 网页链接 ?,,QQ音乐,,,,,,
,,我靠……美国媒体争先报道这首洗脑神曲之前登过美国时代周刊的就只有周杰伦和李宇春，王蓉的“小鸡小鸡”被美国最大的网站《时代周刊》报道！ ?,,iPhone客户端,,,,,,
,,#周杰伦#周杰伦演唱会点歌环节《一路向北》还记得电影里面最后的那个片段，杰伦转身跑开的时候，心里一定很难过的吧，但是爱情就是这样，再快的AE86，也追不回坐奔驰的女人了。已经无法回头了对吗？ 百听不厌音... ?,,微博网页,,,,,,
,,周杰伦离开成都的第三天，想他看外地后遗症没这么严重，大概主场得原因看了两场还是不满足，看来必须要看一次外地才能缓解一下了有种冲动买长沙，可是我已经抢到了梅奔 ?,,iPhone客户端,,,,,,
,,天王世纪合体 周杰伦演唱会，萧敬腾惊喜助阵，上演告白气球！ 乐响时刻的... ?,,微博网页,,,,,,
,,周杰伦这么可爱，怎么可能会有错。 #2018年周杰伦演唱会# ?,,,,,,,,
,,"【成都文广新局:周杰伦演唱会如违规将依法依规处理】5月4日下午，针对“2018周杰伦‘地表最强2’世界巡回演唱会（成都站）”举办单位在组织、管理、服务上存在不完善和不周到等问题，给正在积极打造音乐之都的成都造成的影响，成都市文广新局市场处有关负责人高度重视并表示，周杰伦成都演唱会 ，如出 ?
			...展开全文c",,微博 weibo.com,,,,,,
,,请问一下，周杰伦还有什么不会的吗？#谜之微笑##微博搞笑排行榜# 笑成驴的秒... ?,,微博 weibo.com,,,,,,
,,#李健# 【音乐手记】《中国新歌声》最新一季来袭，谢霆锋搭配李健周杰伦让人期待，原视频【音乐手记... 拾光少年的... ?,,微话题,,,,,,
,,香港歌迷在周杰伦演唱会上自弹自唱挑战他，没点才艺都不敢去听演唱会了??#搞笑视频# 电影主的秒... ?,,秒拍网页版,,,,,,
,,周杰伦《世界末日》现场版，一架钢琴，一段叙述，一个人演绎，说尽心中无限事！ 音乐辑的秒... ?,,微话题,,,,,,
,,周杰伦现场版《蒲公英的约定》一起长大的约定那样清晰 打过勾的我相信说好要一起旅行是你如今 唯一坚持的任性几句歌词：唤醒起多少沉睡的记忆#周杰伦地表最强演唱会#  秒拍视频 ?,,iPhone客户端,,,,,,
,,周杰伦《等你下课》 想与你不期而遇 网页链接 ?,,黄老邪爪机Android,,,,,,
,,"封面新闻记者 杜恩湖5月4日下午，针对“2018周杰伦‘地表最强2’世界巡回演唱会”举办单位在组织、管理、服务上存在不完善和不周到等问题，给正在积极打造音乐之都的成都造成的影响，成都市文广新局市场处有关负责人，高度重视。今日头条 一定坚决打击借着明星名义，弄虚作假，卖假票，高高售，忽悠诈 ?
			...展开全文c",,今日头条,,,,,,
,,#周杰伦#《回到过去》等不到新歌的了解一下 海瑟薇男票... ?,,iPhone客户端,,,,,,
,,#周杰伦# 周杰伦经典回顾台北婚礼现场与费玉清合唱 千里之外，没看过的快收藏吧#初夏良曲种草# 音乐盒子_B... ?,,,,,,,,
,,"#初夏良曲种草# Billboard Radio China华语榜5月第1周Top10榜单公布！薛之谦《摩天大楼》第2周上榜攀升4位首度登顶陈奕迅《我们》暂让出冠军宝座仍高居第二于文文《体面》持平季军保持强势王嘉尔新曲《Dawn of us》稳居Top5伍嘉成携手王心凌《境迁》本周新歌进榜此外Top10中还有五月天、周杰伦、 ?
			...展开全文c",,微博 weibo.com,,,,,,
,,#今天立夏#济南 小雨 周杰伦《听见下雨的声音》网页链接 ???,,,,,,,,
,,"真的真的好喜欢你 喜欢无助到对我红了眼睛的你 喜欢像小男孩一样对我软软撒娇的你 喜欢在阳光下卷起衣袖时明朗的你 喜欢认真看书时长长的睫毛一眨一眨的你 喜欢开朗地笑起来时露出虎牙的你 喜欢对我宠溺地笑时眼睛弯弯的你 喜欢有时忽然害羞得手足无措的你 喜欢接吻时先轻轻的到后来呼吸急促的你 喜欢 ?
			...展开全文c",,快充大运存 魅蓝 5s,,,,,,
,,还有什么是#蔡徐坤# 不会的？嗨唱#周杰伦# 经典歌曲，导师：给我签个名吧！ 歌神集的秒... ?,,微博网页,,,,,,
,,发表了博文《昆凌与助手穿情侣装周杰伦15字回复醋意十足》5月5日，昆凌在个社交网站上晒出一张照片，并配文写道：“任何人都需要粉红色的工人吗？组装弹跳垫这么费劲”|昆凌与助手... ?,,新浪博客,,,,,,
,,"周杰伦作品《不能说的秘密》音乐剧深圳站我们珠海歌迷会将会组团包车去观看。因为保利5月12号就开票。所以我们的团购在5月9号截止。180元价位即将售罄，请大家抓紧时间。演出时间：2018年9月15日周六下午3点演出地点：深圳南山保利剧院演出票价：180/280/380/480/680/880团票请点： ?
			...展开全文c",,iPhone X,,,,,,
,,周杰伦《告白气球》双人舞，简单易学，甜到爆炸据说，跳舞和减脂更配哦！??? 减肥瘦身作... ?,,秒拍网页版,,,,,,
,,"@沈月 昨日身着黄色木耳边衬衣与白色牛仔裙现身央视五四晚会，与多所高校学生合作的一曲周杰伦的《稻香》并结合了创意杯子舞进行了全新的演绎，用干净清透的嗓音传递满满青春正能量。上衣：2018Marie Elie春夏玉樱黄色木耳边衬衣裙子：2018Easysnatch2018牛仔白色半身裙鞋：Sergio Rossi银色高跟鞋 ?
			...展开全文c",,微话题,,,,,,
,,今天，#昆凌#晒为孩子准备弹跳垫的照片，其与助理穿“情侣装”，#周杰伦#看后又吃醋了，周杰伦写道：“我也觉得这衣服不知哪里怪怪的”带了一个若有所思的表情，虽有玩笑之意，看来也是醋意十足。 ?,,微博 weibo.com,,,,,,
,,#周杰伦长沙演唱会#@精彩在线文化传播 @周杰伦部落 @周杰伦资讯网官方微博 距离周杰伦地表最强2演唱会长沙站还有6天湖南杰迷的聚集地，欢迎您的加入 |长沙·梓园... ?,,前后2000万 OPPO R11,,,,,,
,,關於喜歡你(周杰倫)，是我做過最好的事情，也是我做過最長久的事情，陪伴是最長情的告白〃??????@ jay chou ?,,周杰倫蛋餅Android,,,,,,
,,周杰伦珠海演唱会现场还是很兴奋 横琴置业谭... ?,,iPhone 6 Plus,,,,,,
,,周杰伦的求生欲很强啊哈哈哈哈哈，歌迷：“你们家谁比较凶？” 杰伦：“你不能问我问题！”哈哈哈哈哈哈，杰伦劝你要善良 固执狂人的... ?,,微博 weibo.com,,,,,,
